0,"40390 Anna Flats
South Anthonyland, TX 77103","joshuamorales@example.com","2009-04-25",1
1,"PSC 4022, Box 8253
APO AE 86122","evanschristine@example.net","1973-07-26",8
2,"63459 Shelby Springs Apt. 625
North Caitlin, IA 55670","shelbyruiz@example.com","1999-06-18",1
3,"578 Devon Row
Lake Jameston, WI 14433","sarahgomez@example.org","1968-05-24",1
4,"734 Evans Orchard
Bellton, DC 75260","tuckermark@example.com","2011-03-01",5
5,"6943 Lauren View
Karastad, MD 18222","bwise@example.net","1979-03-11",5
6,"71881 Vasquez Ranch Apt. 982
Aprilstad, NY 08699","powellrandy@example.com","1999-07-10",3
7,"42031 Robert Loaf Suite 165
Leechester, AZ 07954","qmiller@example.net","1972-08-15",7
8,"088 Brooke Inlet
Lake Lisaville, NH 54905","kristenwood@example.com","1992-10-04",7
9,"4650 James Extension Apt. 660
Ayerstown, MO 70683","ggarner@example.net","2020-11-06",6
10,"6199 Walter Squares Apt. 147
Spencebury, SD 86338","marcusjones@example.net","1974-11-29",8
11,"7907 Jessica Mission Suite 255
Burtonmouth, TN 28349","andrew76@example.net","1978-05-06",10
12,"12607 Washington Turnpike
Delgadoburgh, MN 30588","oedwards@example.org","1976-09-10",3
13,"245 Jimmy River
West William, MA 02448","ejohnson@example.net","2002-09-10",2
14,"9333 Robles Drives Apt. 822
Port Melissaburgh, WI 89654","steve11@example.net","2016-01-26",3
15,"0959 Moore Divide Apt. 736
North Deniseton, KS 52264","isilva@example.net","1987-05-25",9
16,"20151 Emily Light
Moraborough, AR 97513","tylerwilson@example.net","2002-12-23",5
17,"93280 Michelle Brooks
Woodsfort, VI 20470","armstrongkelly@example.org","1986-01-22",1
18,"0610 Kevin Forges Apt. 185
West Joanne, AS 06572","hannah86@example.net","1973-12-09",8
19,"9145 Shaw Creek
Charlesmouth, SD 85971","tracybauer@example.com","1970-09-19",7
20,"683 Chen Trafficway
Johnsonchester, OH 31662","isims@example.net","1965-04-17",1
21,"449 Richardson Place
North Marcstad, MP 79333","williamlewis@example.com","1981-09-03",3
22,"USS Fitzgerald
FPO AP 26561","amy93@example.net","1972-11-28",2
23,"PSC 0074, Box 0090
APO AP 13756","craig15@example.com","1984-10-03",3
24,"379 Christian Cape
South Jodiberg, SC 96394","smithapril@example.net","2017-05-11",1
25,"6975 Weeks Parks
New Alvin, MT 84559","alicia59@example.com","1976-07-03",4
26,"68932 Angela Mission
Kimberlyborough, NC 74095","daniellethomas@example.net","1999-05-27",7
27,"036 Garcia Shores Suite 785
South Darrell, PR 68146","zfernandez@example.com","1967-12-26",2
28,"760 Monica Drives
Collinsborough, OH 47906","millerlisa@example.com","1989-04-30",8
29,"84954 Hunt Orchard
Christinaview, PA 48775","cheryl39@example.com","1997-05-12",5
30,"07968 Robles Pine Apt. 167
Gordonberg, WY 20142","bobbymartin@example.org","1984-11-14",10
31,"7907 Yolanda Haven Suite 918
Atkinsonton, GU 44403","kennethbishop@example.net","2016-01-21",9
32,"742 Jennifer Hills Apt. 369
Riceland, IN 75109","perezterri@example.com","1986-06-15",9
33,"1114 Daryl Corner Suite 919
Colefurt, MS 72832","millerkirk@example.com","2017-06-25",5
34,"Unit 8020 Box 5217
DPO AA 88789","joanne88@example.com","1987-04-06",9
35,"Unit 6161 Box 1160
DPO AE 04859","fernandezkelli@example.org","1997-11-24",10
36,"945 Garza Mall
West Crystalview, WI 46939","kendrajohnson@example.com","2006-06-16",5
37,"2136 Vega Knolls
Vickiport, AL 75759","james79@example.org","2008-05-31",1
38,"402 Jay Radial Suite 136
East Larrybury, HI 00715","kayla59@example.com","1979-12-18",8
39,"561 Herrera Drive
North Jenniferhaven, AS 73882","annettewhite@example.org","1981-10-15",5
40,"055 Zachary Unions Suite 163
Shawnburgh, IA 94932","courtneyharrison@example.com","1989-05-03",10
41,"45222 Jordan Mills Apt. 523
Toddfort, NY 31857","briantucker@example.org","1996-08-17",5
42,"725 Vargas Isle
East Elizabeth, DC 58914","david20@example.org","2000-04-25",6
43,"Unit 5733 Box 2763
DPO AE 78569","andrea53@example.com","2008-05-11",5
44,"1345 Kevin Drive Suite 336
East Ethan, KS 37893","taylor51@example.com","2017-11-22",6
45,"9872 Tran Squares Apt. 852
East Sethfurt, ID 50590","hlee@example.org","1967-08-25",7
46,"87931 Petersen Square
Port Roger, NM 24756","kathleen60@example.com","1977-05-06",10
47,"22026 Hampton Cove Suite 780
South Gabrielle, DE 81116","crasmussen@example.com","1971-08-24",10
48,"473 Rocha Coves
Lake Tracy, LA 69417","jonessara@example.net","1967-09-11",2
49,"73414 Frank Viaduct Apt. 810
Lake Amber, CT 69950","daniel47@example.net","1973-03-01",5
50,"615 Brooke Gardens
South Nancyfurt, IN 94428","nicholemeyer@example.net","1978-12-17",5
51,"PSC 4874, Box 1167
APO AA 31548","hillnicole@example.com","2009-09-21",10
52,"2251 White Neck Apt. 624
Lake Crystaltown, AK 78226","natasha40@example.net","1997-10-23",10
53,"59423 Cox Valley
East Williamburgh, AR 33485","jonesrobert@example.net","2000-01-24",9
54,"96133 Benjamin Unions
North Brianaton, AS 64033","vsalazar@example.com","1984-02-13",5
55,"36915 Aguilar Junction
Marymouth, VT 87252","robbinspatrick@example.net","2011-02-09",2
56,"540 Randy Roads Apt. 799
Jonathanfort, MI 27083","michael00@example.org","1998-09-17",8
57,"5671 Carrie Wells
Amandaton, VA 74904","martinezjerome@example.com","2011-02-14",9
58,"288 Jonathon Roads
Garybury, MS 89147","brandon36@example.net","2017-10-16",6
59,"975 Jose Corners Apt. 361
Martinezberg, MS 99556","maynardbrent@example.org","2007-08-03",8
60,"9599 Austin Underpass Apt. 756
Merritttown, HI 90636","schmidtstephanie@example.net","2013-01-03",10
61,"940 Kathleen Gateway
East Mark, LA 84711","dgrant@example.com","1985-01-20",8
62,"203 Robert Mission Suite 767
Douglasborough, AR 31924","wbrown@example.net","2002-12-30",2
63,"6597 Stephen Causeway
Jamesstad, DC 99673","juliejoseph@example.org","1968-05-11",9
64,"5179 Darius Keys
Jenniferville, WA 90718","williamsjudy@example.net","1981-12-30",6
65,"5430 Antonio Harbors Suite 355
Port Nicole, UT 92617","christopher44@example.net","1993-05-02",3
66,"8651 Laura Lodge
Lake Kimberlytown, LA 95508","mbishop@example.com","1970-03-01",7
67,"65512 Rachel Oval
West Melissa, AR 12802","wrightashley@example.com","1993-04-28",2
68,"58317 Albert Streets Suite 013
North Shannonchester, SC 03139","autumn16@example.org","2010-05-27",5
69,"0180 Michelle Mount
South Amberview, VA 21703","ievans@example.org","1986-11-05",3
70,"USNV Flores
FPO AA 43952","woodpaul@example.org","2006-06-22",10
71,"35154 Rivera Ridge
Lake Melissamouth, MS 21775","lisabruce@example.net","1965-11-03",7
72,"2465 Shelly Branch
Acostaport, VA 31774","tracie84@example.org","1999-08-24",9
73,"242 Leslie Flats Apt. 500
West Daniel, MH 52641","bwilliams@example.org","1968-07-31",8
74,"USNS Copeland
FPO AE 52355","gerald58@example.net","1988-03-31",9
75,"3311 Robert Lodge Suite 437
Stewartville, MT 60074","dwilliams@example.org","1977-05-15",2
76,"8560 Michael Mews Apt. 450
Mullenshire, WY 56380","mitchell83@example.net","1969-01-10",2
77,"349 Frank Freeway
North Stephanieland, NV 03272","williammiller@example.org","2019-03-20",9
78,"31749 Thomas Island
Williamville, DC 73531","carlsonrobin@example.com","1972-09-17",1
79,"69573 Renee Club
South Melissa, VT 65462","sotonicole@example.org","1975-10-31",1
80,"01090 Pamela Keys Apt. 487
Williamston, IA 48230","abigailrobbins@example.org","1973-07-18",8
81,"4079 King Lakes
Benjaminton, AL 15860","wwalsh@example.net","2004-07-29",5
82,"6157 Perkins Mills Suite 118
Port Kathleen, CT 20100","carolyn84@example.net","2019-11-21",3
83,"6385 Devin Meadows Apt. 769
Elizabethtown, NJ 02680","jessicacantrell@example.com","2009-10-29",6
84,"7710 Brown Harbor
New Matthewport, MH 48385","brookslisa@example.com","1975-05-28",6
85,"6306 Everett Groves Apt. 861
Williamsport, MS 61752","christopher61@example.org","2002-12-19",10
86,"08582 Wells View Apt. 613
New Lisamouth, GA 94376","laura39@example.org","1991-08-23",6
87,"PSC 8427, Box 1626
APO AP 71777","shelbyramirez@example.com","1980-12-10",4
88,"381 Kaufman Island Suite 582
West Reginatown, TX 28994","keith34@example.com","2001-07-31",9
89,"682 Baker Mill
Lake William, AK 88663","lindsey79@example.org","1967-02-20",6
90,"27989 Mary Harbors Suite 641
Lake Kimberly, NY 73643","youngdavid@example.net","1987-02-25",7
91,"USNV Johnson
FPO AE 82918","kristinaromero@example.com","1977-07-26",8
92,"05234 Vanessa Spring Apt. 869
Michellefort, WY 96022","munozcynthia@example.org","1965-05-17",7
93,"95007 Pena Mill
Duranfurt, AZ 33787","leoneric@example.com","1976-12-04",2
94,"5501 Carter Stream
Port Ronaldfort, PR 76730","brandonkennedy@example.org","2015-05-17",8
95,"48168 Duncan Hollow
Sergioshire, PR 62546","curtis35@example.net","1985-01-15",3
96,"81290 John Orchard Apt. 077
Bellburgh, IA 28791","owenscharles@example.net","1999-11-08",1
97,"7335 Jacobson Harbors
South Lynn, TN 13894","brownmichelle@example.com","1994-08-25",7
98,"783 Vargas Loop
New Anthony, SD 99091","ahouse@example.com","1991-10-25",9
99,"0040 Debra Lane
Leeside, ND 50289","rebeccagrant@example.net","1967-09-18",7
100,"055 James Square
Daviston, OK 75770","adamsashley@example.com","2019-03-27",6
101,"125 Mccarthy Mall
West Sarah, IN 39959","madelinematthews@example.org","1979-08-30",6
102,"358 Thomas Neck
East Rebecca, WY 91419","nicholasfields@example.com","1998-06-18",1
103,"1568 Taylor Court
North Jenniferberg, IN 47758","brios@example.org","2014-07-18",4
104,"42556 Davis Forges Apt. 249
North Vickitown, MH 15756","vfernandez@example.com","2020-10-26",10
105,"PSC 1212, Box 9202
APO AP 30717","jimenezkeith@example.org","1999-03-27",5
106,"87484 Caitlyn Rue
Ericville, OH 59031","donnajohnson@example.org","1992-10-28",9
107,"8880 Kenneth Bridge Suite 161
Woodview, MD 17119","williamsbrady@example.net","1992-01-31",6
108,"9458 Leslie Spring
New Katie, PR 43715","qbrock@example.net","1968-03-16",8
109,"0850 Alan Parkways
Brittanyton, ID 44633","ashleyfowler@example.net","1988-07-27",1
110,"34358 Owens Parkways
East Juan, LA 89326","kimberlycox@example.org","2005-10-31",4
111,"41840 Martin Villages
Lake Heidi, MI 68207","don37@example.org","2013-10-18",6
112,"2133 Eric Mountain Apt. 160
Johnsonshire, AZ 71638","monique97@example.com","2017-01-19",3
113,"85156 Tara Loaf
East Autumnbury, IL 61465","taylor61@example.org","1983-03-31",8
114,"38440 Joshua Vista Suite 230
Rossport, IL 34177","kerryphillips@example.com","1969-02-20",5
115,"65537 Miller Throughway Apt. 277
West Michaelstad, NV 49059","richardmadden@example.net","2005-02-26",7
116,"586 White Loop Apt. 283
West Henry, AL 91589","carrie01@example.net","1966-08-13",3
117,"72655 Santos Glen
Shawnmouth, OR 83719","bennettfrederick@example.com","2006-04-07",10
118,"USNS Mullins
FPO AA 80584","krobinson@example.com","2004-05-19",4
119,"5649 Kevin Falls
Lake Normanfurt, CA 75173","karapatrick@example.org","2007-08-02",6
120,"963 Wilkins Lodge
New Heidifurt, SD 61975","taylor20@example.net","1964-11-25",2
121,"2289 Bell Court
Mitchellside, WI 82900","maurice25@example.net","2008-11-25",8
122,"4894 Smith Keys
Millerfurt, PR 92952","kirkmelendez@example.net","2020-11-13",6
123,"2127 Baker Crossing
West Robert, DC 89258","susansmith@example.com","1990-07-01",9
124,"1259 Anderson Canyon Suite 160
New Vicki, IL 45943","timothyross@example.org","2001-11-04",6
125,"Unit 3749 Box 7794
DPO AA 86512","fingram@example.org","1999-12-14",5
126,"6846 Moyer Loaf Apt. 780
Riveraville, UT 03772","wolfemichelle@example.org","1985-10-12",10
127,"3733 Paula Squares
New Shannon, SC 08327","tinablankenship@example.org","2016-01-06",5
128,"0962 Williams Flats
Heathermouth, NE 81364","kayla65@example.com","1977-11-13",3
129,"92685 Pierce Junctions Suite 106
West April, AZ 09721","rbrewer@example.net","1978-02-12",2
130,"99683 Katrina Inlet Apt. 402
South James, IA 79128","taylorjames@example.net","2009-04-21",2
131,"00794 Cody Corners
Port Victoriaburgh, CO 82359","cowantricia@example.com","2017-11-04",7
132,"5084 Clarke Common
South Christinamouth, TX 49172","andrew19@example.com","2019-05-20",7
133,"1872 Houston Stream
Matthewbury, WV 13533","ssmith@example.org","1969-12-27",3
134,"4457 Cook Extension Suite 056
Danaborough, ND 03587","jordanbarrett@example.net","2018-11-06",3
135,"3665 Levine Crossroad Suite 922
New Danielle, CA 72513","jessicahall@example.net","2019-04-14",3
136,"175 Justin Gateway
Jamesville, MD 76523","staffordbriana@example.org","2006-06-07",10
137,"12535 Morales Vista
Garciachester, PA 13908","mhenderson@example.org","2004-01-09",7
138,"39653 Tracie Inlet
Mariamouth, MN 13862","garciasarah@example.com","2000-02-27",4
139,"0493 Warren Radial Apt. 076
Jonestown, IA 86497","rwilliams@example.com","1993-05-12",2
140,"38480 Pennington Branch
Sierrahaven, GU 79734","robert56@example.net","1970-03-06",3
141,"PSC 2136, Box 8824
APO AE 53870","melissabishop@example.com","1993-11-01",6
142,"7545 Young Island Apt. 344
Jenkinsfurt, MP 05246","terripoole@example.net","2004-04-25",6
143,"15558 Brooks Turnpike
Ryanton, FM 12154","robertgill@example.net","1992-12-06",10
144,"2271 Matthew Streets Suite 070
Dustinville, AS 07901","cooperalexandra@example.net","2009-09-16",10
145,"114 Harrison Corner Apt. 115
Paulbury, IL 14674","bhudson@example.com","1968-06-06",2
146,"78040 Samantha Circles Apt. 051
Cookside, RI 26591","daviddunn@example.org","1995-02-10",9
147,"3839 Russell Passage Suite 806
East Linda, SC 10911","jacksonmaria@example.com","1990-09-21",3
148,"2985 Gomez Trace
Lake Edwardhaven, NY 45559","christopher93@example.org","2020-12-23",7
149,"5902 Lindsay Mission
Sarashire, MP 74110","wjohnson@example.org","1966-04-06",1
150,"679 Scott Curve Apt. 136
Vincenttown, ND 78718","johnsondavid@example.com","2007-05-28",10
151,"4036 Kim Station Suite 448
Andreaborough, MI 60127","pstout@example.net","2008-03-14",2
152,"665 Navarro Plain
Buckleyhaven, MT 74522","erinjohnson@example.org","1977-12-10",8
153,"21484 Jones Hill
Kathleenview, FL 17721","ortizsherry@example.org","1989-08-09",10
154,"09381 West Path Apt. 713
Noahtown, OK 03273","mcgrathjohnathan@example.org","2002-07-05",1
155,"39813 Michael Ville
Sonyastad, ME 47489","jonesbradley@example.com","2011-11-14",3
156,"5820 Ashley Estate
East Susan, AR 54931","nharris@example.org","1971-07-13",3
157,"20843 Davis Throughway
Port Carrie, MD 05932","jessicawilkerson@example.org","1982-10-15",7
158,"090 Chelsea Port
Clarkburgh, PW 85858","merrittveronica@example.org","1980-05-02",8
159,"9950 Martin Corners Suite 481
Lanetown, WV 76373","nmiranda@example.net","1981-11-22",9
160,"2784 Stevens Road
West Randybury, IA 91249","perkinsmichael@example.net","1983-09-18",6
161,"15687 Stevens Junction
Frostview, CT 82245","thompsonstephanie@example.com","2007-12-12",4
162,"8404 Janice Courts Suite 877
Port Sandra, AS 60134","jamie76@example.org","1996-08-02",3
163,"726 Wood Fork
North Monicamouth, IA 21020","thomassmith@example.net","2008-09-29",7
164,"39912 Michael Turnpike
Seanside, LA 40977","meganwoods@example.net","1993-07-19",9
165,"925 Soto Rapid Suite 856
South Erica, WY 35183","davidjohnson@example.net","1998-02-23",6
166,"558 Courtney Oval Apt. 505
New Andreaton, MI 56569","johnlopez@example.com","2018-09-08",5
167,"03170 Evans Lane Apt. 082
East Jessefurt, AZ 17748","qclark@example.com","1968-08-31",1
168,"2024 Meadows Valley
Odomborough, NC 95413","johnsoneric@example.org","1994-10-07",7
169,"7988 Johnson Orchard Suite 377
New Karenhaven, AR 32905","tiffanyferguson@example.com","1997-07-27",3
170,"9332 Bennett Mission
New Melissa, NH 82682","crystal29@example.com","1968-12-26",1
171,"9723 Gamble Hollow
East Rebeccaton, IN 38284","joseph14@example.net","2008-02-04",9
172,"56097 Williams Mill Apt. 789
Aaronville, MA 15390","cynthiafuller@example.com","2007-04-15",1
173,"20954 Shaw Ports Apt. 883
South Antonioside, MI 83943","ibrewer@example.net","2002-12-10",9
174,"150 Andrade Flats Suite 179
Port Kevin, CT 76361","jimmy57@example.org","2004-10-04",9
175,"8947 Melissa Square
Hartton, ND 00888","nclark@example.com","1975-06-10",10
176,"8531 Smith Manors Apt. 731
Amandaville, CO 03243","ronaldbarrett@example.net","2021-06-01",9
177,"PSC 0978, Box 1403
APO AE 34445","david64@example.com","1980-11-26",6
178,"0264 Merritt Mill
Port Dannychester, WV 70591","smithjonathan@example.com","2010-02-16",4
179,"4697 Melissa Tunnel Apt. 332
Angelaland, PW 15381","michael22@example.com","1981-11-20",3
180,"0384 Smith Junctions Apt. 180
North Russellchester, VA 29269","tuckerkaylee@example.org","1975-02-12",3
181,"99924 Henry Manor
Stephenshire, VT 39877","kperry@example.com","1981-07-19",3
182,"47856 Andersen Canyon Suite 460
Fryberg, NE 67690","shicks@example.com","1978-06-26",8
183,"Unit 4842 Box 4692
DPO AE 18865","zmendoza@example.net","1987-09-08",2
184,"0581 Young Wells
Deniseshire, NM 84387","duncanchristina@example.net","1978-11-10",1
185,"8207 Carroll Ville
Lauramouth, KS 46411","dturner@example.org","2007-12-17",2
186,"632 Sanchez Inlet
Weaverhaven, FL 94364","jennaanderson@example.com","2011-09-09",7
187,"701 Jennifer Unions
Ibarramouth, VA 95496","kellycynthia@example.org","2007-12-09",6
188,"930 Vanessa Branch
Johnsonhaven, PR 27447","jonesjennifer@example.org","2018-06-25",8
189,"210 Phelps Cliffs Apt. 963
Davisside, PR 38645","kathleen51@example.org","2010-02-13",9
190,"506 Paula Islands Apt. 840
Port Alanhaven, ME 91899","jason50@example.com","1993-12-22",2
191,"6466 Davis Plaza Suite 548
Lopezborough, DC 36241","walkerdarren@example.com","1989-06-02",10
192,"5898 Richard Center Suite 389
South Cynthia, MN 71052","stewartmikayla@example.org","1977-04-07",6
193,"6028 Andrew Corners Apt. 872
Jenniferton, WY 75424","joshua07@example.com","1966-11-24",2
194,"054 John Harbors
New Williamborough, HI 19271","rebecca60@example.net","1981-10-09",7
195,"255 Lisa Shores Apt. 070
Chaseborough, NM 12975","mharris@example.net","1980-12-28",4
196,"028 Christina Trafficway Suite 257
Cummingsfurt, TX 09060","angelaholmes@example.net","2008-02-25",6
197,"261 Shelly Village
Lewisfurt, DE 36242","caitlyndouglas@example.org","1967-12-19",8
198,"27805 Steven Mills Apt. 920
Sandraland, SD 64948","murphychristina@example.com","2004-02-28",3
199,"427 Gomez Road Apt. 261
Gutierrezstad, ID 09457","tpeterson@example.org","1999-06-20",10
200,"3383 Ryan Land
East Lisaberg, UT 98869","crhodes@example.org","1980-09-12",3
201,"89787 Earl Streets Apt. 374
Matthewborough, LA 59490","samantha90@example.com","2018-04-13",10
202,"9842 Davis Crescent
Garychester, AS 00681","elizabeth16@example.com","1982-07-26",2
203,"269 Brown Terrace Apt. 388
West Dean, IN 21755","richard96@example.net","2008-10-23",6
204,"61162 Dunn Pike Apt. 787
New Justin, PW 38195","tbray@example.net","1983-12-19",1
205,"536 Lane Spring
West Andrewport, KS 74985","raymondchavez@example.org","2009-10-31",7
206,"720 Jesse Throughway
Hughesfort, AL 64200","ramosdebbie@example.org","1992-01-07",2
207,"68679 Kristin Islands
Sullivanshire, FL 71993","angela46@example.net","1988-05-21",6
208,"409 Spencer Turnpike
Lisaport, NE 35488","leroyrobles@example.net","1989-07-18",9
209,"1746 Olson Mount Suite 936
Port Hailey, AS 07017","carrie44@example.net","1964-07-02",3
210,"58711 Townsend Pines Apt. 882
New Brandy, NE 21530","fuentessheri@example.com","1990-12-10",4
211,"95594 Alexandra Spur Suite 374
New Kevinberg, FM 94217","ehall@example.org","1982-12-31",7
212,"2871 Brown Neck
Bradleyshire, TN 32702","michael28@example.com","1998-03-18",4
213,"561 Alyssa Harbors Suite 693
East Jeffrey, NM 51058","johnsondavid@example.org","1968-06-14",4
214,"745 Todd Shores
Ramosstad, GA 26496","rmcclain@example.net","2021-05-27",4
215,"19499 Garcia Locks Apt. 460
West Angela, NC 57216","tyler63@example.com","2016-01-19",8
216,"837 Hartman Shores Suite 959
Katherinefort, NC 01955","craig13@example.net","2014-07-01",7
217,"4882 Harrington Turnpike
Lake Jennifer, IN 77971","smithronald@example.net","1984-09-20",3
218,"31720 Mary Corners
Blackville, KY 77316","perezwilliam@example.com","1993-10-11",8
219,"PSC 6127, Box 0449
APO AP 64520","nelsontammy@example.org","2018-12-11",9
220,"8606 Rachel Ville
Nunezton, TN 35367","silvanichole@example.com","1981-04-23",2
221,"194 Silva Harbors
South Jacob, VT 52745","turnermary@example.org","1988-05-30",9
222,"Unit 1360 Box 5107
DPO AE 66608","kjohnson@example.com","1971-10-15",8
223,"25641 Gerald Inlet
Jamesport, WV 18134","lmorales@example.org","1968-05-06",7
224,"55838 Edward Plain Apt. 118
Lake Theresafurt, OH 39173","alexwatts@example.com","1978-02-06",7
225,"457 Laura Run Apt. 490
South Rebeccaborough, AZ 88600","odavis@example.com","1991-04-07",9
226,"74048 Rodriguez Cove
Amberfurt, OH 09291","nwilson@example.com","1990-03-01",4
227,"0594 Ashley Burg Apt. 050
East Javierborough, DC 27900","loveyvonne@example.org","1966-05-19",3
228,"24750 Thomas Orchard
Kaitlynview, WA 97801","kristinhayes@example.net","1988-06-08",10
229,"510 Marsh Port
East Michaelberg, CO 04127","norrisandrew@example.com","1964-03-23",3
230,"1424 Kenneth Courts Apt. 224
Mccartyport, AS 02903","john90@example.com","1978-10-06",7
231,"45450 Lopez Tunnel Suite 531
New Peterview, AS 32455","msherman@example.com","1979-05-07",9
232,"68771 Derrick Run Apt. 438
South Joannestad, IL 07243","rhonda57@example.org","2019-08-29",10
233,"961 Sandra Estates
Lake Joycemouth, GU 33153","wcampbell@example.org","1980-05-30",10
234,"9435 Jessica Skyway Apt. 936
Murphyview, GA 97133","kimberly04@example.org","2005-06-07",9
235,"005 Michael Ports
New Crystal, MN 96859","laurie71@example.com","1964-06-11",4
236,"93922 Gordon Rue
Daltonshire, WI 70397","awarren@example.net","2018-10-15",3
237,"Unit 1031 Box 2873
DPO AE 92806","kevin92@example.org","2017-05-27",9
238,"33402 Misty Loop
Kathleentown, UT 20236","davidthompson@example.net","1966-08-19",7
239,"0425 Carla Ridges
West Heather, ND 52489","stewartbrandon@example.org","1994-02-14",2
240,"9215 Marquez Well Suite 367
Padillatown, DC 32153","cristianballard@example.org","1968-03-21",1
241,"13611 Chad Turnpike Suite 995
Marktown, NH 95360","andrea57@example.com","1990-08-31",6
242,"156 Allison Parks Suite 495
Port Charlesstad, MI 82358","wheelergarrett@example.org","1982-07-23",6
243,"768 Burke Courts
Williamschester, ID 39488","hahndaniel@example.net","1975-02-18",7
244,"Unit 0604 Box 1870
DPO AP 78229","mbranch@example.org","1994-03-15",5
245,"5200 Lucas Parkway
Letown, TX 54359","tashajohnson@example.com","1964-06-21",3
246,"83012 James Land Suite 574
Perezmouth, VI 99227","abigailrobinson@example.com","2013-04-19",4
247,"7242 Mccormick Corners
Port Joan, MD 37258","patriciawilliams@example.org","1972-02-26",3
248,"4826 Susan Streets Suite 024
Port Mark, VT 37162","david65@example.org","2021-04-14",10
249,"06748 Henderson Forge
East Janet, NM 66432","owatson@example.net","1997-09-29",2
250,"62720 Amanda Manor
Hansonton, VT 12352","josephdennis@example.net","2017-09-13",10
251,"857 Randy Drives Suite 286
Lake Thomas, OR 40230","michael77@example.org","1996-01-02",1
252,"83787 Mary Loop
Olsonstad, ME 35366","aortega@example.net","2001-05-01",6
253,"5104 Linda Lane
Brentbury, HI 79987","wendy55@example.org","1985-05-15",8
254,"91979 Anthony Brooks Suite 431
Frazierland, NY 84475","joanneclark@example.com","2015-09-25",10
255,"097 Ward Spurs
New Rodneystad, KS 59847","leahhowell@example.net","1976-05-29",7
256,"27288 Keith Mountain Apt. 386
Erinberg, DC 72155","monicasanford@example.com","1997-07-20",7
257,"254 Harris Garden Suite 818
Carneystad, DE 86165","sanderschristy@example.net","2013-09-10",9
258,"9754 Sherry Viaduct Apt. 696
Tonyabury, VA 70328","caitlin83@example.net","1996-08-09",3
259,"09330 Victoria Divide Apt. 049
Port Martha, IA 96591","ccruz@example.net","1999-11-26",3
260,"35514 Jake Gateway
Castillomouth, CT 68463","qmeza@example.com","1983-11-21",9
261,"4777 Crystal Trail Apt. 084
Jamesville, MI 66725","ambermartin@example.com","2000-08-06",3
262,"762 Harris Ferry Suite 605
Lake Johnberg, NE 39002","simmonschristina@example.org","1969-12-30",3
263,"1583 Andrea Meadows Apt. 391
South Brian, IN 84533","qholmes@example.net","1982-03-19",9
264,"95323 David Plaza Apt. 913
Hernandezfurt, RI 36482","sellersrachel@example.com","2012-06-06",7
265,"6610 Victoria Crossing
Michealport, DE 25749","gonzalezsharon@example.com","1976-01-29",8
266,"46244 Ariana Canyon Suite 532
West Peterborough, KY 21441","tyler51@example.net","1999-01-12",7
267,"641 William Loop
North David, SC 11783","dwalters@example.net","2001-10-06",7
268,"7506 Taylor Green Suite 483
Port William, SD 98903","janetsanders@example.org","2003-09-13",2
269,"508 Nancy Lakes
West Traceyton, ND 39193","allen34@example.org","2005-03-15",9
270,"26240 Hawkins Forks
Port Sabrina, MO 73786","allenmegan@example.org","1971-10-05",10
271,"8406 Hooper Underpass
Montgomerytown, WY 65669","hkent@example.net","2018-01-14",7
272,"5324 Barajas Meadows
Ortizton, RI 03877","aramirez@example.net","1992-05-02",7
273,"820 Frank Course
Seantown, NV 12054","xle@example.org","1980-05-15",7
274,"484 Meghan Port Suite 338
Davidfort, ND 18703","zmoreno@example.net","1991-08-09",6
275,"PSC 5277, Box 6460
APO AE 66343","john75@example.net","2018-11-16",2
276,"8793 Sarah Place Suite 796
Jonestown, SC 15921","williamsstephanie@example.net","1980-07-03",7
277,"23890 Hill Plaza
Pamelafurt, NJ 91306","kelseylambert@example.com","1975-05-21",2
278,"04881 Sanders Neck Suite 853
New Carlberg, TN 10628","sarah51@example.net","2009-11-02",10
279,"98447 Carrie Route Apt. 340
Dannyhaven, MT 97302","jerry31@example.org","1984-03-30",8
280,"6366 Huber Brook
Lake Jonathan, WY 69322","andrewroberts@example.net","2011-11-20",2
281,"30015 Hines Underpass Suite 063
Sherrystad, ND 93938","lisayoung@example.net","1999-01-18",5
282,"526 Adam Port
Brownmouth, TN 03318","simschristina@example.net","2003-10-24",2
283,"11319 Bruce Green Apt. 449
Tonytown, UT 87410","tara64@example.org","1964-01-28",2
284,"PSC 3340, Box 6410
APO AP 76279","cynthiarandolph@example.net","2002-11-04",2
285,"227 Collins Row
East Jason, VA 10615","jamestucker@example.com","2008-06-22",6
286,"04195 Ariana Squares Apt. 580
Robertburgh, CA 77702","joshuafowler@example.org","1976-01-29",10
287,"8463 Ashley Isle
Brianland, DE 01105","james28@example.com","2009-01-17",10
288,"Unit 7011 Box 7357
DPO AE 78904","simmonscristian@example.org","1965-02-18",2
289,"0213 Taylor Fork
East Jennifer, AR 04615","harrisdylan@example.org","1984-01-29",8
290,"64661 Ernest Lights
East Phillip, CO 88470","harmstrong@example.net","1975-06-17",7
291,"7867 Marcus Courts
South Keithbury, WI 43357","thomas86@example.net","1990-08-11",3
292,"80426 Matthews Roads
Walshtown, WI 19250","joseph69@example.net","1998-09-10",9
293,"1196 Lopez Throughway
Donnaside, VA 65831","ghansen@example.net","2005-12-10",5
294,"441 Shaun Springs
North Cindy, DC 98724","blairmelvin@example.net","1979-10-01",3
295,"27657 Nancy Lakes
Port Isaiah, AZ 23384","jennifer98@example.net","2017-07-04",3
296,"933 John Stravenue Apt. 357
Barronfort, OH 29240","amywilson@example.net","1988-11-06",10
297,"9080 Richard Circle Suite 150
East Christopherstad, VA 49359","scottdaniel@example.net","2017-09-27",4
298,"5943 Vargas Glens
South Carrieport, PW 85265","zjenkins@example.net","2000-08-17",7
299,"USNV Simon
FPO AE 61467","sgonzales@example.net","1981-06-29",5
300,"4137 Victor Springs
South Mary, FM 95953","amanda18@example.net","2018-10-16",10
301,"41395 Martinez Pines
West Markchester, WA 85343","melissaroberts@example.com","2006-10-29",7
302,"9479 Kristen Park
Lake Cameronland, MT 02659","suttondavid@example.net","1976-05-06",10
303,"5929 Thomas Trail
Rebeccaview, MI 18853","vproctor@example.org","2004-03-04",4
304,"77845 Kyle Glen Suite 583
South Jasonland, NY 26629","operkins@example.com","1983-02-09",3
305,"823 Lee Corner
New Melissashire, SD 28398","pamela66@example.org","2006-09-07",5
306,"Unit 3493 Box 7937
DPO AE 39852","nicholas47@example.net","2009-08-29",4
307,"USS Kramer
FPO AE 23468","millermartha@example.net","2004-11-24",4
308,"169 Johnson Drive Apt. 870
Taylorberg, MA 42202","nlawrence@example.com","2013-08-31",3
309,"97599 Karen Fords
West Richardshire, IN 17752","yatesfrancisco@example.net","1983-09-18",1
310,"501 Wilson Curve Apt. 810
West Brittany, IN 29626","mary68@example.com","1977-01-06",5
311,"4255 Jacob Expressway Suite 420
Stephanieton, ME 83249","michaelmora@example.org","2011-02-18",10
312,"91656 Adam Way
Lake Tamarachester, AL 17379","christina46@example.com","2002-03-21",9
313,"27081 Thomas Cove Suite 174
Johntown, DC 80048","richard66@example.net","1963-10-28",9
314,"486 David Well
Eddieview, VT 02110","wharrison@example.net","1973-02-13",5
315,"05222 Patterson Isle Apt. 323
North Alyssaview, RI 01662","thompsonandrew@example.org","2005-03-05",6
316,"PSC 8352, Box 7703
APO AA 33851","jessegeorge@example.com","2011-09-20",6
317,"682 Hailey Glens
East Terry, MS 99947","sharon33@example.net","1992-12-12",9
318,"777 Bobby Oval
Port David, OK 67286","jenniferstark@example.net","2011-03-22",6
319,"3871 Haley Pine Suite 568
New Christopher, NV 17919","perkinsdavid@example.org","1973-11-08",9
320,"289 Gonzalez Summit
Jessicaview, ND 29691","seanmatthews@example.com","2004-05-12",6
321,"135 Allen Prairie Suite 272
Greggville, WA 97694","pbuck@example.com","1980-02-25",7
322,"28404 Lopez Haven Apt. 910
Port Tina, NV 28956","lindseybush@example.net","2003-04-14",8
323,"PSC 5630, Box 6965
APO AA 05224","christinemckinney@example.org","2011-10-17",8
324,"USS Bowen
FPO AE 62093","hoffmanpaula@example.org","2000-06-29",5
325,"7443 Mackenzie Skyway
North Lindaburgh, NY 42864","kingmichael@example.com","1981-04-13",4
326,"92694 Green Valley
Campbelltown, IL 77721","goodmanaustin@example.com","1990-03-11",2
327,"82809 Stone Union
Port Benjamin, CA 97720","xyoung@example.net","1984-12-12",2
328,"PSC 9291, Box 1553
APO AP 09858","ucooper@example.com","1984-09-22",5
329,"6055 Kenneth Brook Suite 773
Williamton, OK 45077","gary93@example.com","1998-02-07",1
330,"PSC 0015, Box 1051
APO AP 60035","christina61@example.org","2004-01-22",7
331,"28924 Lewis Grove Suite 539
Davisbury, IA 48717","davisjoshua@example.org","1965-12-08",1
332,"67401 Thomas Mountain
East Meghanmouth, IN 36492","dianahill@example.net","1995-01-28",4
333,"344 Jeffrey Isle Apt. 593
West Matthew, OR 80822","lauravilla@example.com","2011-11-16",9
334,"34978 Janice Flat
East Barbara, MP 24863","browndylan@example.com","1987-01-29",6
335,"67808 Fletcher Lock
New Kathleen, OH 42292","sethleonard@example.org","1988-01-20",1
336,"7746 Micheal Spur Apt. 971
North Ryan, MH 28840","vstanley@example.net","1967-01-11",8
337,"863 Kristina Avenue Apt. 640
Payneborough, MD 16805","browndaniel@example.net","1968-03-03",3
338,"189 Randolph Road Suite 961
Lake Breannamouth, HI 60022","tiffanylee@example.net","1999-04-13",6
339,"7636 Eric Orchard Apt. 364
West Cynthiahaven, NH 62422","williamskeith@example.org","1981-04-27",7
340,"2513 Yoder Shore Suite 605
Hammondbury, FL 92904","keithmiller@example.net","1966-02-15",1
341,"70768 West Stravenue Suite 224
Hensleyberg, AS 34171","jose97@example.com","2006-02-23",10
342,"616 Roy Underpass
Port Rachaelbury, SC 75303","jbrown@example.net","1991-01-15",2
343,"083 Davis Burgs Apt. 051
Juanchester, PW 87871","gonzalezstephanie@example.org","1979-01-12",2
344,"8491 Pena Canyon
Pittsbury, SD 21544","josephrhodes@example.com","1980-10-15",9
345,"30850 Hamilton Center Suite 483
Lindaville, ND 98691","vincent16@example.com","1965-07-03",9
346,"USS Perez
FPO AE 07965","louis73@example.com","2002-06-12",5
347,"74730 Kevin Walks Apt. 742
Lake Robert, NM 84744","csalazar@example.com","1997-01-14",1
348,"6700 Jackson Radial
Lake Lisa, MN 93583","scottpalmer@example.org","1970-04-17",3
349,"2110 Mayer Meadows Suite 352
Robinsonmouth, OK 84718","stephenjames@example.com","1982-05-11",2
350,"615 Anthony Turnpike Suite 572
South Kristi, GA 16366","stacey33@example.net","1981-01-01",6
351,"PSC 9267, Box 0431
APO AP 24089","david11@example.com","1981-04-17",10
352,"51356 Mack Skyway
Roberttown, MH 24033","greenshaun@example.com","1969-03-09",7
353,"304 Grant Road Apt. 379
East Paul, LA 72909","cmartin@example.org","1975-10-27",3
354,"117 Malone Junctions
Nancyfurt, MH 30769","feliciamoore@example.net","1989-10-22",7
355,"PSC 1545, Box 1712
APO AP 95138","crobertson@example.net","1978-07-18",4
356,"8334 Briggs Groves
Kyleville, NM 13085","troy26@example.com","2020-02-25",8
357,"0447 Mary Knoll
North Emma, NJ 02218","kmorales@example.net","1994-05-11",4
358,"36559 Coffey Port
Gonzalesland, CT 10705","valeriekey@example.com","1976-03-11",6
359,"323 Anderson Harbor Apt. 694
Monicashire, DE 52864","cummingskenneth@example.org","2012-11-15",6
360,"93721 Oliver Curve
North Cynthiamouth, WA 55267","jessicasimon@example.com","2010-07-12",1
361,"5375 Michele Street
Laurenville, IN 32042","kromero@example.net","1989-05-22",1
362,"0402 Zamora Ways Apt. 554
Mollytown, PR 41219","spearsann@example.com","1978-01-10",2
363,"PSC 0378, Box 3524
APO AP 40677","paula57@example.org","2013-09-12",6
364,"820 Wilcox Valleys Apt. 602
South Christopher, CT 01195","umolina@example.com","1975-06-30",8
365,"5627 Andrew Glen Apt. 150
Valeriefurt, SD 13994","christopher60@example.com","2018-09-12",8
366,"325 Kari Locks
East Ericburgh, NC 11317","blairshelley@example.org","2014-08-06",3
367,"Unit 2038 Box 3065
DPO AA 26466","ymendez@example.org","2011-09-12",4
368,"8959 Bernard Locks Suite 418
West James, OH 11435","andradematthew@example.org","1998-04-19",3
369,"PSC 3186, Box 7334
APO AE 26655","emily49@example.net","2012-10-23",8
370,"8425 William Valley Suite 734
Bradshawmouth, MI 21971","dwagner@example.com","1993-03-10",1
371,"212 Christina Camp Suite 226
West Derek, IA 29557","nmartinez@example.com","1984-10-27",6
372,"1821 Morris Green
Thomasland, MA 21807","imiller@example.net","1987-04-14",3
373,"68750 Mathew Crest Suite 089
Terriside, AR 60926","smithwayne@example.org","1992-01-30",5
374,"652 Adams Estates
Lake Sarahfurt, PW 06512","brownray@example.com","1970-12-07",1
375,"79980 Michael Rue
Landryfurt, CO 53119","christophermoss@example.org","1979-09-26",2
376,"USNS Clark
FPO AP 61218","pboyd@example.com","1993-12-19",8
377,"6547 Kathleen Route Apt. 894
Ramirezhaven, MN 28582","martinmatthew@example.net","2005-04-30",3
378,"76458 Mcfarland Valleys Apt. 004
Nicolemouth, NJ 98007","jacqueline52@example.org","1985-05-18",2
379,"354 William Cape Suite 556
East Amandaville, DC 60078","patrickmiller@example.net","1986-06-23",9
380,"81694 Santos Throughway Apt. 434
Martinborough, AK 51886","lorivillarreal@example.com","1972-03-24",1
381,"54861 Rodriguez Parkway
Julieside, NM 96118","jacksondavid@example.org","1963-10-15",8
382,"92203 Michael Way Apt. 415
Ericfort, TX 95310","bakermary@example.net","2000-10-03",6
383,"76997 Alexandra Common
Michaelview, SC 11043","aliciaking@example.net","1987-08-29",9
384,"853 Paul Mountains
Lake Ryanmouth, MN 99648","wjenkins@example.com","1968-06-07",8
385,"50142 Sherry Ridges Apt. 253
Lake Johnberg, VT 69680","wmarshall@example.net","1998-06-28",1
386,"622 Carson Shores Apt. 092
Powellshire, MO 02263","laurie36@example.net","1964-05-21",5
387,"82173 Jackson Landing
Hernandezhaven, NV 48778","lisa09@example.org","1984-03-06",3
388,"67306 Katherine Springs
Williamstad, MD 02983","russell73@example.com","1993-08-23",6
389,"Unit 2596 Box 0286
DPO AE 23460","tina33@example.net","1977-05-21",8
390,"008 Jacobs Tunnel
Mariostad, ND 45433","michelediaz@example.net","1985-02-16",6
391,"5846 Williams Island
West Louis, FM 84734","washingtoneric@example.net","2008-11-30",8
392,"392 Carolyn Mountains
Thomasview, WV 72489","burkedaniel@example.com","2017-03-10",4
393,"368 Silva Harbor Apt. 850
Lake Briantown, CO 32301","richardrobbins@example.com","1985-11-16",6
394,"45780 Ruiz Ridges Apt. 698
New Stevenborough, NM 19216","amoore@example.net","2017-08-05",2
395,"7635 Ashley Park
Kochport, TN 70326","elliottjose@example.com","2006-03-03",2
396,"2119 Patrick Causeway Apt. 399
Austinburgh, NJ 27555","egray@example.com","2007-07-18",9
397,"85064 Jacob Inlet
Dylanbury, CA 25718","erin81@example.com","1985-08-18",8
398,"4366 Justin Gateway
North Kevin, MN 69141","lewisjeremiah@example.org","2006-08-24",8
399,"07136 Villegas Knolls Suite 438
New Ronaldfort, AZ 54837","shirleydavis@example.com","1985-04-20",5
400,"9230 Tammy Vista Suite 062
Petersonhaven, IA 50189","stevenrussell@example.com","1982-06-02",4
401,"9201 Wilson Cliff
Port Craig, SD 36763","josebrown@example.net","1964-08-30",9
402,"312 Russell Pine
Port Francisco, GA 46583","martinezjamie@example.com","1974-08-01",1
403,"7917 Jason Views
Nancyview, NC 83983","robert92@example.org","1989-05-27",2
404,"610 Patricia Pine
Freemanside, PA 48045","nancy77@example.com","1970-04-15",5
405,"USS Lewis
FPO AE 14676","donovancurtis@example.org","2001-05-01",3
406,"703 Holly Streets Apt. 464
Williefurt, MI 44587","robbinsamy@example.net","2003-08-21",10
407,"87536 Theodore Track
East Sarahfort, NY 12414","michael72@example.net","1978-02-27",6
408,"USS Horne
FPO AP 89968","kristinagonzalez@example.org","2003-01-18",10
409,"86863 Barnes Wall Apt. 502
Jonesburgh, CT 39843","adriennehill@example.net","1999-02-09",10
410,"28020 Kent Lock Suite 968
Susanside, CO 72545","glamb@example.net","1990-07-30",9
411,"64460 Cox Hills Suite 605
Lake Joy, NC 32187","joel21@example.com","1990-12-25",5
412,"70026 Price Forges
Donovanburgh, OR 45957","taylorashley@example.com","1978-02-23",3
413,"4207 Mathew Rapid
Lake Erinhaven, MN 06208","qrangel@example.net","2001-07-25",8
414,"1986 John Mountain Apt. 511
East Maryside, SC 17243","donaldliu@example.net","2008-11-18",2
415,"0149 Ruiz Park Suite 832
Rileyside, NC 97641","angela07@example.com","2010-08-18",1
416,"2023 Hunter Road
Markfurt, HI 27808","wendy65@example.net","2020-12-30",10
417,"00247 Joe Squares Apt. 901
Osborneshire, FL 95078","donna67@example.com","2002-12-22",8
418,"900 Ewing Lodge
Sharonchester, MN 47393","christopher83@example.org","2016-12-02",7
419,"081 Amanda Rue Suite 606
Dorseychester, MP 95963","arivera@example.net","1983-01-17",1
420,"65749 Micheal Lights
North Sandraton, CT 89128","samanthaallen@example.net","1979-04-21",5
421,"09829 Alicia Corners
Serranobury, PR 03526","huntermills@example.org","1978-05-30",3
422,"948 Miller Plains
Lake Danielleshire, KY 54536","kmorales@example.net","2006-02-10",10
423,"213 Hays Valleys Apt. 389
Lake Matthew, VI 64544","christopher36@example.com","2020-09-04",6
424,"175 Cruz Oval
Lake Angelaport, AZ 19279","morrischristopher@example.org","1975-07-20",4
425,"PSC 0889, Box 2922
APO AA 85858","brendasaunders@example.net","1982-08-30",2
426,"96396 Cantrell Keys
Kathleenton, MS 98900","michael28@example.org","2006-10-26",2
427,"Unit 1727 Box 7846
DPO AP 49838","hannah37@example.com","2001-01-27",10
428,"674 Paul Fords
Lake Stephanie, TX 39327","odawson@example.com","1975-09-01",9
429,"131 Ronald Cape
Jacobport, AK 04360","kmorgan@example.org","1987-04-07",9
430,"48608 Jacob Plaza
Kurttown, ME 11067","qmatthews@example.org","1982-01-15",10
431,"USNV Meza
FPO AE 57188","fullermichael@example.org","1988-06-24",9
432,"8533 Jones Divide
East Jefferytown, SC 47745","burnsmike@example.org","1971-12-03",2
433,"85000 Kevin Heights
West Amanda, HI 35587","pattersonmichael@example.net","1995-07-16",3
434,"15432 Ian Junctions
Port Deborahfort, CO 59157","michaelskinner@example.com","2013-12-21",10
435,"PSC 3857, Box 4384
APO AE 28781","richard78@example.org","2012-08-07",9
436,"PSC 5152, Box 7316
APO AP 15259","alfredsimon@example.com","2012-06-03",2
437,"06627 Leslie Shoal
Mollyton, WV 16647","carrollalexandra@example.net","2013-01-19",7
438,"26277 Philip Shoals
New Tiffany, SD 74891","kelli84@example.org","1999-11-25",5
439,"PSC 3340, Box 1302
APO AE 88621","patriciarhodes@example.org","2014-07-23",4
440,"514 Johnson Ferry Apt. 861
North Shannonbury, MD 85960","gkelly@example.org","1978-06-11",3
441,"381 Rebecca Plains Suite 583
West Melissaside, RI 90039","molinakristine@example.com","1965-12-14",2
442,"6185 Davis Turnpike
Vazquezfort, AR 44544","mgarrett@example.net","2009-05-01",10
443,"5737 Jacob Ville Apt. 185
Mcculloughtown, WI 25512","jeanette53@example.org","1995-10-25",8
444,"2883 Barry Squares
Alyssaside, DE 94420","tammy18@example.com","2012-09-06",10
445,"220 Olivia Locks Suite 319
Elizabethbury, ME 36778","katherinecook@example.com","1966-06-26",6
446,"USNS Frazier
FPO AA 84129","haascandace@example.net","2021-01-30",4
447,"98750 Amanda Inlet Suite 672
New Julieside, DE 15009","kristencrawford@example.com","1965-09-28",1
448,"79217 Amanda Ford Apt. 021
South Kevin, IN 76270","jennygarner@example.com","1966-01-07",4
449,"1961 Edward Streets
Edwardsview, VT 27123","andrew28@example.net","2012-10-15",5
450,"285 Dawn Squares Suite 758
New Victorton, MH 80930","charles66@example.org","1965-03-15",1
451,"64472 Richard Terrace Suite 520
Ashleyland, NH 78007","burnettjennifer@example.com","2011-09-22",10
452,"330 Crystal Pines
Villafort, MP 17666","berryjennifer@example.net","1993-09-05",6
453,"071 Sheena Park
Roweshire, MD 33749","heather06@example.org","2015-12-26",4
454,"0502 Hunt Square
New Yolanda, MN 34151","foxjames@example.net","2003-10-29",9
455,"5913 Suarez Plains Apt. 899
Smithport, IN 63246","jenniferdurham@example.net","2003-06-07",1
456,"47731 Perez Inlet Apt. 190
South George, VI 14376","johnstonapril@example.com","2011-12-12",8
457,"6343 Payne Forks
Myersfort, MN 12337","paigenguyen@example.net","1979-10-12",5
458,"81436 Ronald Circle Apt. 789
North Jefferychester, NJ 93974","johnsonkathleen@example.net","1997-06-04",1
459,"74867 Daniel Fords Apt. 127
Lake Tinaton, MN 88600","alejandroclark@example.org","1990-01-29",9
460,"2013 Randall Grove
West Kristen, IL 69969","chayes@example.net","1971-09-27",7
461,"213 Michael Summit Apt. 850
South Maryland, MH 83035","veronicaanthony@example.org","2009-03-06",5
462,"2134 Walker Alley Suite 494
East Tonya, FL 69900","michael95@example.org","1972-07-30",6
463,"7892 Reginald Plains
West Robert, SD 65857","kstone@example.org","2011-10-23",7
464,"USNV Johnson
FPO AA 05225","joshuahernandez@example.net","2008-06-13",5
465,"751 Michael Manor Suite 629
Cheyenneland, HI 90148","adavid@example.net","2019-03-07",9
466,"7710 John Turnpike Apt. 360
New Samantha, WI 90299","melissastafford@example.net","1974-02-03",3
467,"4042 Carrillo Isle
Stevemouth, GU 85849","stephaniefranco@example.com","2016-07-22",6
468,"8645 Christopher Avenue Suite 030
Lake James, WI 12173","meagan79@example.org","1964-10-01",10
469,"8656 Johnson Walks Apt. 539
Powellberg, WY 51769","frazierlisa@example.org","1967-05-02",10
470,"9526 Aaron Roads Apt. 740
Port Williamland, GA 53241","nashbonnie@example.net","2011-09-07",7
471,"963 Webb Divide Suite 714
Port Anthony, NV 04104","smithtyler@example.com","1979-09-20",6
472,"3612 David Avenue Suite 779
Port Christopherburgh, LA 84948","dmejia@example.com","2007-11-21",9
473,"196 Michael Plains
Williammouth, IN 52051","clarketimothy@example.org","1970-10-07",5
474,"362 Jennifer Grove
West Sherylchester, MO 62211","treynolds@example.net","1972-10-28",10
475,"86004 Brandy Rue Suite 107
Longborough, OH 09184","francoeric@example.net","1987-07-29",3
476,"7333 Bolton Roads Suite 516
North Gracemouth, PR 03845","travisjuarez@example.org","1967-01-28",5
477,"7334 Jacob Crossroad Apt. 575
Abbottburgh, OH 43854","alopez@example.net","1979-11-11",2
478,"3426 Daniel Camp
Noahburgh, WA 72322","bentleyshawn@example.org","1998-03-30",2
479,"6956 Wiggins Walk
Rogersborough, MI 54409","joshuajones@example.net","1996-02-02",5
480,"USS Jackson
FPO AA 99035","bdelacruz@example.com","1971-01-25",8
481,"PSC 8420, Box 2600
APO AE 69358","donna82@example.org","2018-08-11",4
482,"PSC 8317, Box 0549
APO AA 70180","bryanbrown@example.org","1985-09-10",6
483,"561 Dawn Station
Daughertyborough, AK 31726","mark30@example.net","1982-12-17",9
484,"PSC 9487, Box 8372
APO AP 93847","marcwise@example.org","2004-02-13",4
485,"8234 Palmer Forge Suite 080
Ashleyfurt, FM 34053","jimmytaylor@example.net","2009-06-08",3
486,"1605 Fernandez Ports Suite 850
New Brian, NY 77389","wross@example.net","2001-08-01",9
487,"872 Jamie Greens
Carlosfurt, TX 18946","lisasantana@example.net","2018-02-05",5
488,"0893 Lee Shore
Ericmouth, PW 83184","wilkinsmary@example.net","1996-07-15",10
489,"181 Barker Squares Suite 267
New Michaelside, NE 18678","xadams@example.net","1991-06-07",3
490,"946 Huffman Harbors Apt. 107
Lisaberg, AL 45220","john77@example.org","2002-01-06",6
491,"476 Curry Rue
Cooleymouth, OH 02253","rachaelnavarro@example.com","1976-04-26",4
492,"44004 Claire Avenue
Perezview, MD 87523","phunter@example.net","2013-04-04",2
493,"057 Kelley Islands Apt. 681
Davidburgh, ND 06091","bradfordsteven@example.com","2004-05-01",2
494,"8326 Madison Alley
Parkerchester, IN 74845","wilsonjack@example.org","2018-08-04",6
495,"371 Walters Forges Suite 740
Alexandraland, TX 34863","georgejordan@example.com","1999-08-24",2
496,"647 Jennifer Ways
Jessicafort, MH 43976","james81@example.net","2019-01-01",1
497,"271 Nancy Dam
Kathrynstad, WA 36792","moonkevin@example.net","2001-07-29",4
498,"395 Jason Trail Suite 059
West Sandra, VI 13395","martinrandy@example.net","2008-01-23",8
499,"61619 Jennifer Plains
North Megan, IL 93662","doliver@example.com","1992-11-26",7
500,"95100 Bridget Forest
Kruegerburgh, GA 50199","michael01@example.com","1964-11-16",3
501,"258 Timothy Hollow
Lake Carol, IN 94106","amy09@example.com","1976-06-30",2
502,"5036 Mason Vista Suite 551
North Michael, IA 21159","jamesdelacruz@example.org","2003-10-25",1
503,"266 Ochoa Knoll Apt. 843
Barryfurt, SD 88374","imiller@example.org","2017-09-19",4
504,"059 Christy Expressway
Anthonyborough, ID 89684","rebeccaelliott@example.org","1991-01-20",6
505,"515 Turner Radial
Samanthaview, WI 34083","iwaller@example.net","1999-09-01",2
506,"48208 Watson Camp
Fergusonfurt, MA 68324","james47@example.org","2003-05-27",5
507,"2915 Sanchez Path
South Jeremy, NE 21363","danny08@example.com","2016-01-10",5
508,"PSC 6670, Box 9696
APO AP 33821","angelahull@example.com","2015-06-09",6
509,"Unit 6023 Box 8314
DPO AP 81635","joseph39@example.net","2001-08-22",8
510,"48439 Andrea Mill Suite 407
Michellechester, NC 19754","josevega@example.com","1985-03-19",4
511,"4821 Fernando Neck Apt. 965
New Richardshire, AR 06289","bondtaylor@example.com","1966-04-28",10
512,"4151 Keith Track
Kimberlymouth, OH 21564","jennifer92@example.net","1981-05-26",4
513,"269 Cox Stravenue
Port Deborahland, OH 82329","jamieallen@example.net","1986-02-11",7
514,"745 Stone Crossing
Stephensmouth, AS 19090","matthew39@example.net","1963-12-14",7
515,"079 Rodriguez Islands
Ericaville, ID 14552","dawsonmichael@example.net","2020-04-11",10
516,"8148 Jessica Hills Suite 757
Paulville, WY 70663","freemansummer@example.com","2020-01-27",8
517,"010 Kelly Meadows Apt. 864
Briannaside, AL 08089","coopergregory@example.org","1992-04-22",5
518,"31395 Kimberly Grove Apt. 037
Leahfurt, OK 77270","stevenharris@example.net","1982-11-17",9
519,"386 Brewer Harbors Apt. 647
Kingfort, VA 06011","bailey21@example.org","1996-01-29",2
520,"Unit 1760 Box 0633
DPO AP 13736","debra80@example.org","1985-05-15",2
521,"415 Young Curve Apt. 855
North Jerry, TN 83931","tracy80@example.com","1975-08-14",3
522,"78405 Miller Road Suite 685
South Dennis, RI 87472","mullenjesse@example.org","1978-10-13",7
523,"PSC 1857, Box 2997
APO AA 48605","nancy92@example.net","2012-06-09",3
524,"1641 Maria Mountain Suite 516
North Miguelberg, MS 98431","morgan14@example.net","1998-12-17",5
525,"878 Williams Crescent
West Gregoryside, MI 81889","hwright@example.net","1978-09-30",9
526,"PSC 1304, Box 7512
APO AE 54212","jennifermoore@example.org","1971-07-19",3
527,"19973 Michael Knoll Apt. 547
South Gary, FM 11928","zbaker@example.org","2020-04-12",10
528,"PSC 7822, Box 3634
APO AP 88903","zachary53@example.com","2004-06-04",4
529,"861 Renee Groves
Garyside, AK 61136","bryanpark@example.org","1977-02-04",6
530,"170 Ramos Village
Hannahhaven, FM 86423","fernandezmegan@example.net","2001-08-11",7
531,"029 William Skyway Apt. 217
Patrickview, ND 30226","jeremy43@example.com","1983-09-22",2
532,"44014 Barnes Parkway Apt. 820
Boyleview, SC 15080","leelaura@example.com","1998-04-16",6
533,"2017 Fernandez Pine Apt. 536
Sanchezland, IA 68900","rgray@example.org","2015-11-23",4
534,"Unit 7191 Box 3914
DPO AP 37575","gcunningham@example.com","2011-01-24",1
535,"7225 James Turnpike
North Davidville, MS 21926","andersonandrew@example.net","1998-07-03",6
536,"33781 Kim Flat
Port John, PA 12741","olawson@example.net","2020-05-16",6
537,"60167 Peter Point
New Kathytown, SC 77073","rodrigueznatalie@example.com","2006-06-09",6
538,"8707 Justin Tunnel Apt. 468
Susanton, NH 34076","janicemartinez@example.com","1981-12-12",6
539,"718 Melissa Station Suite 243
Kathleenland, IA 91113","douglas56@example.com","2020-09-28",2
540,"41137 James Islands Apt. 855
Lake Paulland, NV 24290","brownkeith@example.org","1978-08-10",5
541,"5530 Wheeler Square Suite 624
Brianburgh, NY 08627","christinamunoz@example.com","1969-02-15",4
542,"822 Jack Trail Suite 523
Atkinschester, VA 31201","brodriguez@example.org","1971-04-17",4
543,"73998 Kimberly Vista Apt. 663
North Sandra, NM 12407","toddcontreras@example.net","1966-08-10",7
544,"77612 Stephanie Gateway
East Tonya, MD 58288","santoslori@example.com","2001-09-09",10
545,"5188 Gavin Cape Suite 958
Port Garyhaven, TN 58999","monicayoung@example.org","1991-12-20",8
546,"082 Richard Terrace
Angelastad, MO 42463","matthew25@example.org","2007-05-31",9
547,"762 Nancy Islands Apt. 275
Port Stephenport, IN 68636","johnmckenzie@example.org","2013-08-16",9
548,"63199 Adams Well Suite 506
Clarktown, IA 51311","mcastillo@example.org","2014-01-02",5
549,"8568 Ashley Lock Apt. 582
Ballardshire, MH 10783","joelstout@example.net","1981-11-10",8
550,"1784 Daniel Divide
Jasonville, WI 36599","kevin25@example.com","1994-05-19",10
551,"Unit 6526 Box 3370
DPO AA 66373","davisdustin@example.com","1992-08-16",10
552,"25737 Rodriguez Lake Suite 834
West Francisco, FL 46020","mckaysean@example.net","1982-06-16",4
553,"040 Kyle Views Suite 307
Port Robert, MI 33629","sharondavis@example.net","2012-07-11",4
554,"2893 Jacob Manor
Pagemouth, AR 04119","lauren95@example.org","2009-09-20",10
555,"33745 Stokes Flats Apt. 162
Lake George, MI 58349","matthewsnyder@example.com","2016-06-07",8
556,"7288 James Canyon Suite 616
West Joshua, TX 46504","bjensen@example.net","1995-04-22",8
557,"3426 Gutierrez Court
Ianton, VT 09570","williamwilliams@example.org","2005-09-11",3
558,"8943 Tina Orchard
East Walter, MN 31081","frodriguez@example.org","1983-03-02",10
559,"Unit 0236 Box 0634
DPO AP 10152","johnsonrachel@example.com","2017-05-25",8
560,"46763 Joshua Forges
Johnsonberg, PA 53615","johnrogers@example.net","1975-12-05",1
561,"6134 Lopez Estate Suite 355
Georgeton, PR 33341","valeriemay@example.net","1988-03-18",10
562,"62057 Hampton Forks
Torresburgh, KS 90533","carmenclarke@example.org","1985-06-15",8
563,"20401 David Flats Apt. 514
North Nicholas, SC 49298","campbellerica@example.com","1972-06-19",3
564,"4299 Ryan Club
West Bryantown, VT 76529","ashley48@example.org","2011-07-02",8
565,"2054 Nathan Stream
Port Susanshire, RI 65800","darylreynolds@example.org","2017-10-27",4
566,"974 Shawn Causeway
Hopkinsmouth, NY 12705","petersmith@example.org","2009-12-06",2
567,"714 Alex Skyway
New Dale, TN 36215","mike21@example.com","1966-06-11",3
568,"31635 Martin Stravenue
New Meghantown, MA 87096","mcurtis@example.net","2019-03-30",5
569,"64863 Diane Plaza
South Kendraland, FL 93913","kariwilson@example.com","1968-09-12",10
570,"038 Conner Ports
Antoniomouth, MT 93704","iwall@example.org","2007-02-19",9
571,"02365 Danielle Stravenue Suite 522
North Terri, NH 36860","brodriguez@example.org","2003-09-18",8
572,"4517 Todd Common
Danielchester, KS 02083","angelaperez@example.net","1970-08-10",10
573,"9763 Albert Burg
West Michaelton, AR 78461","anthonypham@example.com","1992-07-28",4
574,"99209 Skinner Course Apt. 150
North Brooke, IA 58931","cynthia02@example.org","1966-10-16",2
575,"1599 Murray Prairie Apt. 128
West Christina, GA 64123","zacharyroth@example.org","1980-07-17",9
576,"81119 Vargas Keys
Kennethberg, TX 34888","colinwheeler@example.com","1967-12-12",6
577,"9481 Perez Pike Apt. 148
North William, MT 25674","brittany34@example.com","1994-01-21",10
578,"03830 Jackson Common
Brownton, MH 90092","gloriasmith@example.net","2010-11-22",3
579,"595 Irwin Mills Suite 824
Tylerville, WY 09355","erik15@example.com","2020-08-05",10
580,"USNS Martin
FPO AE 54909","ycox@example.org","1988-11-14",8
581,"42955 Stephanie Parks
Lake Katie, NE 95829","hollymoore@example.com","1984-07-15",9
582,"3054 Hayes Station Suite 856
Josephton, NH 66927","qgreen@example.org","1993-07-08",7
583,"Unit 4331 Box 4256
DPO AE 18600","heidishah@example.com","1986-01-25",2
584,"0688 Ball Islands Apt. 702
New Kimberly, DC 93270","katherinegreene@example.net","2012-07-28",8
585,"00421 Dennis Camp Apt. 980
Chapmanborough, CA 57492","christopherhayes@example.net","2004-09-22",8
586,"429 Daniel Springs
Hollyborough, SD 03431","clarkkevin@example.net","2012-07-20",2
587,"411 Brady Garden Suite 325
Marktown, MN 19589","ibowen@example.org","2018-12-26",6
588,"2474 Jennifer Manors
North Margaret, KS 70092","heather30@example.org","1974-06-10",10
589,"0142 Reyes Square Apt. 343
New Chad, CO 54073","dominiquenewton@example.org","2019-02-03",8
590,"20962 Adams Island
Robertfort, MS 35496","chasemargaret@example.net","2004-09-18",10
591,"7698 Jessica Springs Suite 696
Ryanville, AZ 28537","kwells@example.net","2019-02-25",5
592,"3990 Torres Heights
North Catherine, OR 44553","keithbaker@example.org","2004-07-26",1
593,"991 Amanda Radial
Craigtown, TN 66083","michael83@example.net","2019-10-21",10
594,"4858 Brenda Bridge
Robertsview, IN 67157","jesuschoi@example.net","1989-04-10",10
595,"691 Weber Ridges
Lake Stephanie, IN 26916","jonessamantha@example.org","1972-05-28",2
596,"677 April Skyway
Miguelshire, AZ 73466","cdiaz@example.org","1988-11-25",8
597,"USCGC Allen
FPO AE 94087","xmurray@example.com","2003-02-14",7
598,"65867 Garza Crescent
Port Alexischester, VA 81536","cjackson@example.org","1996-02-11",7
599,"876 Moore Expressway
Angelicamouth, IN 59217","websteroscar@example.org","1989-01-06",6
600,"56781 Coleman Key Suite 952
West Jennifer, MP 27445","daniellelucas@example.org","1989-10-02",8
601,"6656 Johnny Forks Apt. 270
Port Markstad, LA 50570","mosesjoy@example.com","1964-04-23",5
602,"00739 Robert Glens
New Ronaldborough, FL 40891","lisa17@example.net","2007-07-26",1
603,"628 Chavez Parkway
Charleston, IN 55117","terryeric@example.com","2018-01-20",2
604,"PSC 5398, Box 3989
APO AE 88280","dgarcia@example.com","1993-08-11",3
605,"8549 Hernandez Parks Apt. 138
Wyattfort, MA 55529","michelle73@example.com","1999-12-21",9
606,"79546 Jimenez Circle Apt. 378
Nicoleville, OR 82926","mckeecarol@example.org","2005-02-05",10
607,"643 Darryl Extensions
Robertview, CO 53962","stewartashley@example.com","1999-11-01",3
608,"4009 Quinn Grove Apt. 638
Port Tara, NE 39956","shariwilliams@example.net","1974-07-07",10
609,"7780 Regina Wall Apt. 353
Stevenside, IL 00856","martineztimothy@example.net","1997-09-02",1
610,"528 Melissa Lodge
West Jenniferfurt, SC 66942","edward80@example.net","2007-01-21",6
611,"2078 Williams Roads Apt. 743
Thorntonbury, MD 07521","jacquelinephillips@example.com","1981-12-28",8
612,"53039 Christopher Passage
Charlesmouth, MO 35364","csolis@example.org","1985-04-09",8
613,"7847 Bruce Ferry Apt. 202
Wuside, NC 86132","cmann@example.com","2012-01-17",9
614,"68566 Garcia Island
South Ginabury, UT 78417","manningjenna@example.net","1982-04-24",2
615,"40257 Michael Ranch Apt. 489
Rebeccaberg, NM 32689","morgankaren@example.net","2000-09-18",10
616,"78903 Kelley Rapid Apt. 594
Brittanyside, OH 33963","david21@example.org","1980-02-09",9
617,"Unit 2986 Box 1027
DPO AP 55115","john86@example.org","1975-05-14",8
618,"531 Natasha Club Suite 814
North Pamela, DE 05988","barbaramay@example.com","2012-12-20",4
619,"18171 Eddie Skyway Suite 700
Pierceshire, RI 92100","anthony29@example.net","1997-03-23",1
620,"49471 Jodi Village Suite 784
New Stephanie, VA 20787","angel61@example.org","1982-01-12",1
621,"57807 Watkins Station
West Elizabeth, MO 98726","rrodriguez@example.com","1996-06-07",10
622,"9327 Young Knolls Suite 716
Gutierrezland, GA 34897","nicolegill@example.org","1968-05-29",10
623,"308 Cruz Fall Suite 769
Port Taylor, ND 63658","tammy83@example.com","1972-12-16",4
624,"480 William Lodge Suite 144
Port Jennifer, FL 72387","jturner@example.net","1988-11-22",5
625,"91526 Stephen Forest
North Davidshire, IA 13393","sara95@example.org","1970-04-30",2
626,"PSC 5925, Box 2016
APO AA 17293","lucascurtis@example.com","1965-04-08",8
627,"56346 Townsend Glens Suite 369
South Lindseyland, UT 10807","steven50@example.net","2008-08-12",10
628,"67719 Anthony Rapids Apt. 770
New Tyler, WV 93785","mbaldwin@example.com","1994-11-03",6
629,"3275 Kevin Lodge
Ortizton, IA 27515","ugonzalez@example.com","1995-08-15",1
630,"511 Mayo Field
North Cynthiafurt, MA 63655","ubrooks@example.net","1979-04-18",5
631,"USS Schwartz
FPO AA 83755","walkercharles@example.org","2000-02-08",7
632,"158 Monica Mountain Apt. 251
Kristatown, VT 64773","unorman@example.org","1995-12-22",2
633,"8078 Michelle Crescent
North Pamela, VA 56884","holdenjennifer@example.net","1966-05-29",6
634,"18887 Karina Falls Suite 572
West Matthew, ID 35374","stevenjackson@example.org","2004-08-16",8
635,"89743 Cherry Parkway Apt. 385
Clarkmouth, PA 99559","amiller@example.com","1971-08-05",9
636,"423 Garcia Pass
Katelynfort, FL 69228","steeledavid@example.net","1999-06-26",3
637,"9436 Kyle Street
Hannahberg, MN 23074","hector73@example.net","1997-09-19",8
638,"89398 Sandra Loop
West Ericbury, AL 50416","palexander@example.net","1972-05-05",3
639,"48732 Brandi Locks Apt. 880
Hahnfurt, ME 60301","jford@example.org","1981-11-30",9
640,"7413 Peter Expressway Suite 346
West Erica, NE 38558","hamiltonjoe@example.com","1994-03-28",3
641,"83019 Diaz Cove
New Teresa, OK 67667","tammy46@example.net","1980-09-28",7
642,"98012 Ramirez Wall Apt. 812
South Sheriside, DC 34002","acannon@example.com","1964-07-27",1
643,"2679 Kimberly Run Suite 055
West Aaronville, FL 40358","cheryl68@example.com","2009-10-27",5
644,"2233 Meyers Heights Suite 193
Suechester, NH 81985","elizabethlarson@example.com","1966-10-30",5
645,"7540 Andrew Motorway
Port Amanda, OR 10919","kempjennifer@example.net","1992-09-17",8
646,"36025 Johnson Estates Suite 362
North Johnfurt, TX 22531","yhubbard@example.net","1996-04-29",3
647,"69852 Barbara Stream Apt. 457
East Cindy, RI 14991","pconner@example.org","2007-11-10",1
648,"73023 James Camp
Russellland, HI 44750","omeyers@example.com","1981-04-18",8
649,"USNV Foster
FPO AE 70960","holly19@example.org","1991-11-24",3
650,"494 Michelle Glen
New Andrew, NY 78116","charles90@example.org","1971-11-30",4
651,"026 Spencer Isle
South Jacob, ID 76087","angela86@example.org","2015-06-28",1
652,"444 Lynn Village Apt. 194
West Dawnchester, IL 82327","john91@example.net","1966-12-16",2
653,"750 Williams Brook Suite 326
New Heather, NJ 50125","gregg97@example.org","1978-04-09",4
654,"55242 James Highway
Lake Jocelynbury, NE 35823","eric47@example.org","1992-01-05",2
655,"48546 Moore Estates
Flowersshire, AR 30581","zmurphy@example.net","1993-01-12",3
656,"PSC 2189, Box 5833
APO AA 86212","david37@example.com","1977-06-27",10
657,"2740 Townsend Brooks
Adamsbury, OR 34397","walshcarrie@example.com","1964-10-19",8
658,"9073 Cole Drive
Zacharyburgh, MT 73651","qellis@example.net","1970-09-24",8
659,"186 Russell Cove Apt. 363
Lake Mark, WA 18775","wharris@example.net","2013-06-08",1
660,"89388 Renee Terrace
Traciport, HI 61438","ricardo41@example.org","2014-09-19",3
661,"1117 Joseph Camp
Lake Heather, LA 23342","emily05@example.com","2020-10-19",2
662,"USNV Cruz
FPO AP 57895","qmiller@example.com","1971-05-05",5
663,"90857 Clark Parks
West Emilymouth, PW 80588","susan27@example.net","2019-07-10",9
664,"6110 Smith Trace Apt. 386
North Brandon, MH 75076","kelliweber@example.net","2004-07-07",10
665,"631 Hall Groves Apt. 552
Port Daniel, MN 97101","thomasjones@example.com","1977-03-01",5
666,"8112 Maria Via
Melissaland, SC 03165","lararobert@example.net","1978-01-01",2
667,"233 Tammy Square
Gonzalesburgh, IN 84980","paula39@example.org","1982-11-21",1
668,"8896 Zimmerman Curve Apt. 100
North Jose, NY 36785","thomaskathleen@example.org","2006-01-28",5
669,"27939 Devin Courts Suite 665
Bushtown, TX 42983","tiffanyweaver@example.net","1976-08-08",8
670,"972 Andrea Via
Lisaland, CT 96124","roblesryan@example.net","1997-02-03",5
671,"352 Park Gardens Suite 925
Joshuamouth, WV 49639","ericpayne@example.net","1973-12-02",2
672,"26846 Clark Village Suite 034
East Sheila, RI 19441","sellersedward@example.net","1980-03-21",3
673,"595 Mejia Course
Smithtown, NC 14341","cynthia59@example.com","1987-01-15",10
674,"4295 Melissa Canyon
Tinahaven, UT 85209","whitegeorge@example.com","1974-10-12",7
675,"25291 Brown Turnpike Apt. 813
New Sophiaborough, MH 44323","vicki53@example.org","1966-11-19",4
676,"3641 White Stravenue
Lake Jenniferberg, FL 36448","dannyvasquez@example.com","1991-09-29",9
677,"62647 Jennings Turnpike
Ortizshire, NM 33125","solomonedward@example.net","2004-09-18",10
678,"0861 Bass Land Apt. 942
Adrianstad, MI 25036","brownjulia@example.net","1965-01-07",4
679,"22176 Davis Bypass Suite 064
Port Phillip, VI 94763","johnsonjoshua@example.net","1997-04-12",7
680,"551 Craig Oval Suite 863
Williamtown, AK 60233","coreynichols@example.org","1964-09-16",4
681,"702 Thompson Springs Suite 681
Lake Joechester, AS 68530","leecraig@example.org","1973-05-08",4
682,"385 Clark View Suite 377
South Amyfurt, VT 28257","pmartin@example.org","1994-01-22",1
683,"41605 Mcdonald Meadows Suite 874
South Michaelshire, MA 44580","melissa94@example.org","1966-12-11",5
684,"773 Fields Courts Suite 363
Pamelaview, MA 63589","johnmerritt@example.net","1992-08-29",9
685,"Unit 3204 Box 6559
DPO AP 98428","lwelch@example.org","2018-03-02",9
686,"PSC 6479, Box 9415
APO AP 18749","erivera@example.org","1993-07-31",4
687,"PSC 9601, Box 8905
APO AP 31485","alexandersmith@example.net","1980-03-31",1
688,"861 Hannah Ports Suite 059
East Edward, WI 90880","dominguezjohn@example.org","2008-09-04",6
689,"208 Sarah Radial
Rhondabury, FL 06392","kenneth22@example.org","2016-12-01",7
690,"3378 Spencer Pike Suite 337
Johnsonstad, MS 41923","cindyhale@example.net","2013-02-04",4
691,"7784 Nichole Pass Apt. 503
East Bryanview, ME 58360","petersmith@example.net","2020-06-20",5
692,"1185 Nicholas Flat Apt. 869
Kathyhaven, MT 77220","kimberlyvaldez@example.com","2001-12-18",3
693,"02493 Tammy Walk Suite 139
Merrittland, AL 75820","kavila@example.net","2005-02-04",3
694,"759 Preston Expressway
East Jeffreyview, WY 29985","patrickwells@example.org","1971-08-31",8
695,"5440 Dorsey Rue Suite 798
Walterville, CO 02336","snyderpatrick@example.org","1971-12-09",5
696,"223 Harrell Corner Suite 914
New Amandaport, NC 77427","christinegonzalez@example.com","1982-04-01",1
697,"USCGC Vasquez
FPO AE 34807","brett48@example.org","1979-08-16",6
698,"586 Patricia Junction
Port Amandafurt, HI 34451","wmiller@example.com","1967-01-28",7
699,"627 Williams Forge
West Cameron, GA 47658","maurice60@example.com","1999-01-06",1
700,"961 Mark Plaza Suite 212
Lake Taylor, IL 00756","millermelinda@example.com","2002-09-14",6
701,"55349 Sarah Pike
New James, AK 42880","zimmermantimothy@example.net","1993-11-21",2
702,"75088 Karen Harbors
Savannahbury, GA 45854","williamsjoseph@example.org","1993-04-13",6
703,"56822 Harrington Mission
East Danielstad, UT 70889","peterpratt@example.net","1992-06-01",4
704,"2319 Miller Green
Lake Kyle, IL 59341","prodriguez@example.com","1971-09-30",9
705,"02804 Graves Street Suite 991
Arnoldfort, IL 99238","pjackson@example.net","1965-11-20",7
706,"808 Albert Shoals
Sarahtown, PA 42122","jennifercollins@example.net","2005-06-01",3
707,"666 Jessica Via Apt. 612
West Levifort, NH 31431","gregorywilson@example.com","1990-11-27",8
708,"1058 Daniel Haven Suite 506
Jonesfort, SD 81868","rburton@example.net","1964-04-03",6
709,"Unit 6826 Box 1892
DPO AP 95301","gwoods@example.net","1966-08-17",2
710,"4640 Calvin Rapid Suite 875
North Jamieborough, VA 35797","mmiller@example.org","1975-12-02",9
711,"9229 Smith Cove Suite 359
Woodside, SD 35031","hhurst@example.net","2005-04-15",4
712,"40490 Moss Bridge
Hughesfurt, HI 67714","shoffman@example.org","2018-10-08",2
713,"9741 Williams Green Suite 622
Smithshire, DC 07860","gabrielmonroe@example.net","1974-08-14",8
714,"20406 Jodi Extension
Evansberg, NC 14176","clarkjason@example.com","1969-02-24",7
715,"83301 Bush Junctions
South Sean, PW 81985","travisamanda@example.net","1965-09-11",5
716,"Unit 2196 Box 7298
DPO AP 45278","istokes@example.com","2008-02-07",9
717,"Unit 3839 Box 3497
DPO AP 31928","kristin86@example.com","1987-05-04",8
718,"50366 Grant Loop Suite 407
East Samantha, KS 98824","peter32@example.org","1975-04-22",2
719,"836 Bianca Mountains
West Antonio, AS 07777","jessica95@example.org","1988-02-20",3
720,"3262 Gabrielle Creek Suite 510
New Matthewfurt, MS 17387","martinnathaniel@example.net","1978-03-11",9
721,"798 Ruiz Tunnel
Chasehaven, PR 96957","smithkevin@example.net","2014-04-21",5
722,"6532 Herring Pines Suite 824
Lake Stephanie, VT 72357","edward63@example.net","1976-09-03",10
723,"05356 Clark Tunnel Suite 784
Louisfort, AL 40869","fieldskayla@example.com","2013-07-25",1
724,"Unit 0393 Box 5775
DPO AA 79085","boylemichael@example.com","1982-04-16",5
725,"823 Reynolds Stream Apt. 810
Jesuston, FL 74585","donna44@example.net","2021-02-07",8
726,"939 Edgar Field
Shannonville, MP 90807","melaniephillips@example.org","2019-09-09",1
727,"Unit 0848 Box 0002
DPO AP 20091","bakercharles@example.com","2018-01-12",2
728,"680 Kenneth Meadows
Michelleport, FM 46390","john47@example.org","1967-04-10",6
729,"203 Scott Harbors
West Cherylfort, DC 78440","angelamorse@example.com","1994-09-07",6
730,"2169 Anthony Crest
Abigailborough, AZ 28009","bryanfuller@example.org","2016-01-05",9
731,"0193 Diaz Street
South Jamesshire, MD 97955","james28@example.net","1984-02-09",5
732,"77242 Paul Motorway
West Ashleyburgh, AS 90672","zhernandez@example.org","2010-08-31",9
733,"57804 Vanessa Plains
Rachaeltown, PR 62165","alvaradostacey@example.com","1989-04-22",3
734,"95082 Johnny Fall Apt. 422
Paulburgh, UT 13909","mcphersonkevin@example.org","1967-02-06",7
735,"3779 Evans Circles Suite 939
East Davidburgh, MA 75228","archersamuel@example.com","1995-05-27",2
736,"Unit 8258 Box 2757
DPO AP 13812","sethhernandez@example.com","1991-09-22",1
737,"603 Ryan Curve
New Kennethborough, FL 70832","fconner@example.net","2002-12-04",9
738,"255 Gay Land
East Christine, IN 63463","boonemaria@example.net","2016-12-19",5
739,"3040 Randy Valley Apt. 608
Port Johnberg, AK 43031","codywatson@example.net","1985-12-05",7
740,"584 Joseph Skyway Suite 348
Lake Johnland, MO 38189","downsdeborah@example.net","2019-11-04",4
741,"628 Shawn Hill Suite 981
West Tyrone, MS 52498","haustin@example.net","1997-05-18",4
742,"321 Kim Centers Apt. 761
West Keith, CO 34000","joeltaylor@example.net","1984-04-25",9
743,"939 Isabella Trail
West Craigbury, MO 73074","ypowers@example.org","2012-04-15",8
744,"284 Jennifer Keys
Hurleyberg, NV 86180","terrelldouglas@example.net","1970-11-18",7
745,"86450 Johnson Spring Apt. 910
Bradfordside, HI 60909","hmurillo@example.com","2015-04-07",5
746,"7186 Luis Stravenue Apt. 254
East Melissachester, IN 68501","larsonbriana@example.net","2007-12-05",1
747,"889 Dixon Pass
South Oliviabury, FM 59636","megandelacruz@example.net","1976-06-06",10
748,"50059 Gina Port
New Jason, VI 01127","bentonshannon@example.net","1982-07-30",10
749,"26357 Moore Flat
Dawnton, CT 44264","karenforbes@example.org","1983-10-03",7
750,"47920 Bennett Dale Apt. 734
West Rhonda, WA 46999","stevengregory@example.net","1969-12-26",3
751,"78087 James Locks
North Patriciaport, WA 58545","cassandrasmith@example.com","2016-08-26",3
752,"USCGC Dyer
FPO AP 15031","bwilliams@example.net","1998-04-06",8
753,"518 Smith Alley
South Brian, NV 77499","lindsay33@example.org","1968-02-19",5
754,"7560 David Rue
North Lisa, TN 54778","kimstephens@example.com","1988-11-30",9
755,"2072 Antonio Avenue Apt. 593
Harrisfort, RI 02510","zcrosby@example.org","2021-03-21",7
756,"0665 Waters Crescent
West Johnborough, UT 46969","lopezsteve@example.org","1973-12-18",6
757,"9371 Mora Gardens Suite 385
East Margaret, MO 09891","qgarza@example.net","2016-02-20",8
758,"66322 Cohen Mission
East Carolville, NJ 33045","krystal08@example.net","1971-05-13",10
759,"8111 Blankenship Lakes
North Jessica, AL 07289","juliefrye@example.net","2006-11-11",5
760,"747 Joel Circles Suite 632
Mendozatown, NJ 54309","gonzalezmelinda@example.org","2015-11-11",3
761,"Unit 9562 Box 9449
DPO AE 16307","gonzalezlauren@example.org","2014-10-10",1
762,"553 Armstrong Walk
East Patricia, NC 79449","zrogers@example.net","2021-01-28",10
763,"6232 Brett Flat Apt. 675
East Danny, MN 44107","matthew32@example.org","1997-12-14",6
764,"638 Wright Ridges Suite 787
New Sarah, WI 12953","charles20@example.net","2007-09-07",3
765,"46068 Michael Alley Apt. 682
South Kirktown, OH 57867","fnoble@example.org","2019-06-15",8
766,"946 Graham Drives
Millerhaven, WA 07775","owilliams@example.org","1963-12-10",10
767,"147 Robin Station Apt. 267
Harrischester, WV 41426","austinhernandez@example.org","1993-01-29",5
768,"PSC 2699, Box 4380
APO AA 62656","patrick68@example.net","1965-05-02",7
769,"4023 Matthew Groves
West Erica, WV 96765","tphelps@example.org","1989-07-04",5
770,"43968 Brandon Cape
Aaronview, AR 41031","xcarter@example.org","2017-06-02",2
771,"186 Vang Mews
Lake Brianaborough, AS 93808","jonesbarbara@example.org","1966-04-11",6
772,"2366 Henderson Avenue
West William, OH 41804","watsondaniel@example.com","1969-02-25",9
773,"4497 Young Stream
New Dylan, IA 87246","youngrobert@example.net","2020-11-01",10
774,"326 Marie Flat Apt. 379
New Alexanderfort, KS 74426","frederick65@example.org","1992-12-02",3
775,"4768 Crystal Highway
Campbellberg, PA 75400","nicolas43@example.net","1988-10-14",7
776,"0793 Clark Haven
Holderhaven, VT 97913","melissa72@example.net","2019-09-14",3
777,"9872 Fernandez Pass Suite 954
Millerside, WV 97654","chebert@example.com","1993-05-18",5
778,"3322 Amanda Well
North Jaybury, FM 85291","dlamb@example.com","2003-04-11",7
779,"Unit 0315 Box 9408
DPO AP 55264","morganbarry@example.org","2020-08-01",7
780,"83221 Terri Motorway
Leahville, PA 72107","john41@example.com","1987-08-09",7
781,"0488 Graves Springs
East Bradley, ME 35566","wanda96@example.org","1984-02-03",10
782,"28704 Helen Mount Suite 844
West Sarah, UT 21834","mitchellalicia@example.com","2013-05-22",6
783,"826 Jimenez Extensions
North Todd, IL 67692","stokesjeffrey@example.org","2012-02-26",8
784,"236 Johnson Shoals Apt. 029
Port Jonathon, CO 82094","lewisregina@example.net","2014-12-13",9
785,"3093 Smith Gardens Suite 203
Kimberlyburgh, ND 20676","wardjohn@example.com","1998-06-26",7
786,"1950 Jason Well Suite 858
Soniachester, OH 58058","williamfriedman@example.net","1988-09-23",8
787,"05177 Robinson Fall Apt. 784
Chenfort, MO 00949","browntimothy@example.net","1981-04-13",6
788,"681 Gonzalez Views Suite 815
South Erica, NJ 57396","jamie76@example.com","1980-03-01",5
789,"91969 Swanson Points
Craigton, OH 96291","crystal96@example.org","1973-04-13",10
790,"358 Green Fords Apt. 496
New Nancymouth, CO 56255","daniel06@example.com","1969-10-19",7
791,"2554 Adam Roads Suite 089
Christopherfurt, NV 77977","krystalshannon@example.org","2006-11-29",6
792,"53268 Bethany Road
Austinland, GA 33179","owhite@example.com","1996-09-04",3
793,"9571 Chavez Pines
Port Benjaminburgh, NV 98952","schmidtnicholas@example.org","1986-07-27",5
794,"06928 Jones Orchard
Coleside, UT 46256","bridgesray@example.net","1992-08-14",10
795,"290 Gutierrez Trace
East Judy, TN 29712","brownrobert@example.net","2021-01-11",8
796,"0197 Carter Summit
Mullenfort, OH 35759","baileybenjamin@example.net","1994-09-12",10
797,"26372 Shawn Burg Apt. 756
Sarahberg, WI 40332","matthewschristine@example.com","2008-04-26",8
798,"70341 David Lane
Cooperfort, MT 66659","penakelly@example.org","1976-06-03",1
799,"870 Jennifer Islands
Elizabethstad, TN 16843","dhamilton@example.net","2008-01-08",9
800,"614 Brown Roads Apt. 451
North Patty, IL 52401","barbaraballard@example.com","2019-11-17",1
801,"2237 Sarah Coves
West Amymouth, KS 74708","alexandra83@example.net","1964-05-26",3
802,"3470 Clark Courts
Matthewmouth, VI 03537","andrea85@example.com","1973-11-26",4
803,"175 Campbell Park
West Denise, RI 56491","farmerkelly@example.org","2011-12-22",1
804,"126 Moore Hollow Suite 008
East Jason, IN 85388","keithsmith@example.com","2010-12-10",2
805,"724 Smith Stravenue
North Shannon, AZ 16818","nwang@example.net","2015-07-03",3
806,"458 Kim Field
Baileyborough, MH 38548","aaron38@example.org","2013-07-29",1
807,"USS Graham
FPO AE 96631","kevin66@example.net","1972-12-13",8
808,"309 Kayla Inlet Suite 407
Jenniferstad, PA 58006","diamond59@example.org","2017-04-13",5
809,"582 Walker Greens Suite 372
Lisaview, CO 90606","jessicamorrison@example.net","1971-05-30",3
810,"PSC 1097, Box 0501
APO AP 72019","keiththomas@example.org","1972-10-26",10
811,"566 Johnston Mission Suite 513
New Deborahburgh, AZ 06407","jenkinstracy@example.net","2001-09-16",6
812,"565 Green Canyon
Nathanielville, MT 53444","cstevens@example.com","1985-05-05",2
813,"0711 James Islands
East Sharon, WV 43971","paulortiz@example.net","2011-10-02",2
814,"19927 Weaver River
West Saraland, NM 93475","benjaminzamora@example.net","2011-01-22",10
815,"PSC 5343, Box 3562
APO AA 72954","jacob35@example.net","1985-11-13",4
816,"488 Shannon Valleys Apt. 542
West Rodney, MT 09875","jeffrey03@example.net","1991-11-02",2
817,"8355 Sanchez Canyon
Andersentown, UT 54156","jamesquinn@example.net","1970-11-08",1
818,"58134 Reid Ridges
Port Michael, SD 89570","sethrodriguez@example.com","1993-05-13",8
819,"4863 Miller Flat
New Laurafurt, KY 97686","adavis@example.com","2020-08-24",6
820,"84843 Edwards Keys Suite 678
Rodriguezberg, NM 81297","jennifermiranda@example.org","1970-01-17",3
821,"388 Amanda Ranch
Alexaville, GU 20586","fingram@example.net","1982-05-11",7
822,"445 Atkinson Plaza
East Brian, ND 19384","turnerjudith@example.net","2015-06-18",4
823,"196 Cabrera Cliffs Suite 690
Laurenport, VI 84829","marshallterri@example.net","2010-01-14",3
824,"47006 Tyler Turnpike Apt. 515
Lake Daniel, AK 14577","melissastephens@example.com","1976-07-20",4
825,"4126 Kim Park Suite 080
West Craig, ME 45359","karen10@example.com","2010-09-16",5
826,"621 Daniels Field
West Josephport, PA 29038","sarahclark@example.com","1964-12-05",1
827,"09607 Jenna Oval Apt. 647
Josephmouth, AK 48285","aaron66@example.com","1974-12-24",7
828,"619 Curtis Trace
South Jonathanland, AZ 92114","brownsarah@example.net","2014-05-27",8
829,"0161 Weiss Crescent
Mcbrideview, PR 33288","austinsarah@example.net","1990-03-28",6
830,"084 Crawford Meadow Suite 520
South Sara, UT 86967","evansdebbie@example.com","2003-04-16",4
831,"43821 Obrien Streets
New Sarah, LA 12449","tonyriggs@example.com","1971-05-04",7
832,"97319 Wood Neck
Brendanview, GU 41234","jessicaparks@example.net","1973-02-10",1
833,"171 Patricia Loaf
Melissachester, IN 90487","pcurtis@example.org","1974-08-19",2
834,"62138 Bates Park
East Nicholasfurt, OH 85053","asanders@example.com","1979-03-20",10
835,"0936 Mcneil Rapid Suite 633
Port Tyler, WY 97758","jeremy77@example.net","1985-03-29",3
836,"38066 Brewer Vista
West Vincent, MP 80501","vincentrebecca@example.net","2007-11-01",2
837,"0751 John Coves Suite 745
West Sandra, AL 50832","jdouglas@example.net","1975-10-29",5
838,"083 Williams Views Suite 315
South Breanna, AZ 45002","qmcgee@example.org","2001-03-29",7
839,"Unit 8320 Box 7895
DPO AE 68422","irobbins@example.net","2016-08-05",3
840,"8647 Haas Mission Suite 797
East Markside, CA 95890","gsmith@example.org","1983-02-07",2
841,"69227 Bell Point
Lake Josephstad, CT 41940","lrivas@example.net","1999-11-21",5
842,"221 Marc Knoll Apt. 071
Lake Allison, SD 11077","darrensanders@example.com","1985-01-16",1
843,"360 Mitchell Summit Suite 425
Lake Paigefort, ME 87294","patriciawalton@example.net","2000-07-12",7
844,"57157 Daryl Crest Suite 315
North Patrickport, NJ 53883","stephaniestevenson@example.net","1968-07-19",5
845,"6750 Hayes Crossroad
Fowlershire, PW 50612","brandonprice@example.com","2015-11-23",10
846,"92291 Lewis Ford
Lake Christian, SC 39037","jillthompson@example.com","2014-04-20",7
847,"879 Patel Pike
Tranport, VA 77673","matthew22@example.com","1998-06-13",10
848,"4610 Holmes Place
Hallhaven, NH 16913","ksmith@example.net","1981-07-06",5
849,"3364 Lopez Gateway
Yvonneton, TN 07143","nlevine@example.org","1969-04-29",8
850,"2387 Foster Fork
Travishaven, AL 24689","bmoore@example.net","2001-01-14",9
851,"89792 Jared Way Suite 769
South Jamesmouth, SC 95772","meganreilly@example.com","2018-08-23",7
852,"095 Nicholas Trail
East Aaron, MS 14837","seth70@example.net","1985-11-20",2
853,"8332 Frost Crescent Apt. 950
North Adrienne, MN 93585","kenneth28@example.net","2015-05-06",8
854,"5364 Joseph Center Suite 149
Lake Andreport, TX 34429","jacquelinewang@example.net","2021-01-01",7
855,"5136 James Islands Apt. 140
Charleston, AL 78120","kimberlypeters@example.org","2012-06-23",3
856,"66976 Ho Stream Apt. 359
Port Calebside, TX 12441","lauriemiller@example.com","1981-03-10",1
857,"779 Nancy Row Apt. 287
Patrickhaven, SC 10684","marygarcia@example.com","1990-03-25",10
858,"81155 Victoria Lodge
Adamsport, MO 73239","iallen@example.org","1984-08-02",4
859,"379 Ronald Forks
Parksside, CA 95638","kterrell@example.com","1991-07-22",10
860,"43362 Fernandez Ville
New Debramouth, ME 98125","lawrenceandre@example.net","2009-05-19",2
861,"70639 Danielle Trace Apt. 036
Richardmouth, AK 11631","douglas96@example.org","2013-07-18",10
862,"32926 Anna Haven Suite 684
Hunterborough, DC 49106","martinkenneth@example.net","2019-04-25",1
863,"7835 Gonzalez Meadows Suite 179
North Gabriellastad, AS 03088","josephkevin@example.org","1972-04-04",4
864,"PSC 3907, Box 5678
APO AA 61612","robertjones@example.net","2008-10-05",10
865,"093 John Vista Apt. 970
New Kellyville, VI 52061","fishernicholas@example.net","1981-04-28",6
866,"38479 Green Court
New Megan, SC 86395","mgalvan@example.net","1979-10-14",4
867,"9277 James Prairie Suite 290
Autumnview, MP 58833","michael04@example.net","1966-11-14",4
868,"0453 Stacy Vista
Elizabethmouth, MN 03150","reevesdaniel@example.net","2012-08-20",1
869,"41145 Stephenson Place
Yateschester, KS 10613","tammy56@example.org","1965-06-28",1
870,"PSC 0865, Box 4273
APO AA 57708","dalelloyd@example.net","2011-02-04",8
871,"47174 Warren Mountains Suite 250
South Lori, CT 53475","thomasramsey@example.com","1986-06-29",9
872,"917 Kyle Summit Apt. 844
Lake Theodoreville, WI 96015","anthonybrooks@example.net","1994-11-29",6
873,"0368 Quinn Course Suite 807
Wilsonstad, NV 03947","greyes@example.org","1991-08-16",7
874,"29939 Cohen Dam Apt. 970
Lake Teresa, CT 56464","cnelson@example.net","1996-03-24",10
875,"2475 Martinez Point
South Catherineton, WI 56398","jose35@example.org","1987-08-31",7
876,"4397 Williams Garden Apt. 217
Walkerton, WY 91893","ctaylor@example.net","2016-09-06",7
877,"175 Hunt Mill Suite 344
North Cynthia, MI 95511","ahall@example.com","2011-10-04",8
878,"141 Amanda Station
Ericville, DC 57833","kurt05@example.net","2018-03-16",2
879,"159 Jackson View Apt. 867
South Andrew, GA 51914","laura06@example.org","2019-09-01",5
880,"72254 Ellis Parks
South Nicoleshire, HI 57646","taylorjames@example.org","1967-09-12",6
881,"371 Carter Overpass
North James, AK 58222","garciajared@example.net","2004-05-04",1
882,"64760 Stacey Prairie Suite 708
Schmittfurt, MO 85870","qbraun@example.org","1982-07-31",10
883,"83607 Edwin Gateway
Derekside, GA 08813","ameyer@example.com","1976-01-06",6
884,"7352 Freeman Pike
Brianmouth, AL 54861","alexander78@example.com","2008-08-04",3
885,"9226 Barbara Fork Suite 074
Ambermouth, AR 87108","matthewjohnson@example.org","1998-04-21",2
886,"3693 Pham Port Apt. 640
Lake Troy, MS 39238","sandrapham@example.net","2011-11-16",8
887,"9102 Richardson Ramp
Port Timothyfurt, AR 29743","lisaholden@example.net","2006-04-05",1
888,"00192 Farmer Ferry
Karenshire, MH 67884","adavis@example.org","1995-12-09",10
889,"730 Sierra Courts Apt. 607
Lake Jamesfurt, CT 77587","rhanna@example.org","1998-12-04",10
890,"589 Gutierrez Plain
Phammouth, NH 03305","ryanlewis@example.net","1965-12-02",6
891,"7645 Frazier Overpass Apt. 032
Rodriguezview, MI 82958","alexanderchristopher@example.net","2001-05-01",9
892,"979 Bruce Stream
Kathyville, AZ 69955","katielawrence@example.org","1973-10-16",5
893,"58385 Robert Trafficway
Port Paul, WV 02374","leekelly@example.com","1975-10-07",6
894,"6476 Lopez Station
Hamptonville, UT 33461","lellis@example.com","1973-02-09",1
895,"2935 Reynolds Key Suite 150
Melissaton, AR 97017","fernandezdestiny@example.com","1973-01-29",2
896,"2438 Rebecca Bypass Apt. 613
Williamsshire, NY 37555","michelle82@example.org","2018-09-11",10
897,"1335 Debra Manors
Tracyport, HI 64565","joseph45@example.net","1987-11-25",8
898,"7935 Castro Curve
East Joe, NV 92851","martinjoseph@example.net","1969-09-14",5
899,"744 Wallace Hills Suite 451
New Betty, SC 18088","ashley15@example.org","2010-05-25",4
900,"272 Brock Ways
Mathewbury, NE 71765","fross@example.net","1978-01-01",10
901,"8208 Smith Knolls
Dannychester, AS 82276","dixonsteven@example.org","2006-01-08",9
902,"7664 Moore Greens Apt. 625
New Sarah, KY 51412","laurenforbes@example.org","1977-04-21",4
903,"01056 Davis Corners Apt. 259
New Mirandaton, CA 45442","nealjulie@example.net","2021-09-16",5
904,"91027 Stevenson Streets Apt. 081
New Meagan, KS 09981","xrusso@example.com","2019-08-06",3
905,"70366 Victoria Burgs
Port Robert, MT 00568","michael78@example.net","1969-10-08",5
906,"054 Holly Pines Suite 955
Masonfort, IA 88962","oliviaespinoza@example.net","1979-05-09",5
907,"1859 Michael Island
Hardinville, OH 35450","lopezamy@example.org","1977-10-14",1
908,"6235 Pace Vista
Montesburgh, CA 81048","ashleygay@example.com","1973-06-24",2
909,"PSC 9695, Box 5151
APO AA 94777","sjones@example.net","2009-01-12",9
910,"62196 Travis Wells Suite 355
Port Madisonchester, CT 76897","lowerybenjamin@example.com","2008-10-06",6
911,"695 John Coves
West Jenniferfurt, AR 79299","dorothymartin@example.com","2016-06-10",1
912,"853 Teresa Prairie
Thomaschester, CA 84058","stewarterin@example.com","1998-10-14",9
913,"6418 Elliott Summit
North Sheilaport, MD 85615","hsoto@example.com","2016-12-15",2
914,"3567 Reilly Harbor
East Williamberg, NC 52506","cody15@example.org","1967-03-27",1
915,"16088 Christine Estate Suite 389
Johnnychester, NE 41571","estesphilip@example.com","1972-07-17",5
916,"34643 Mitchell Point Apt. 510
East Kevin, PW 65538","madelinetyler@example.net","2002-10-22",7
917,"2429 Jason Shoal Suite 260
Port Andreaborough, AS 72432","mcooper@example.net","1982-01-19",4
918,"35293 Jeanette Wall Suite 614
West Amanda, GA 13364","jeffrey10@example.com","2005-08-01",9
919,"1217 Sergio Vista Apt. 258
Carmenmouth, SC 92811","pdaniel@example.org","1991-04-20",3
920,"08363 Burnett Estate
Zacharyborough, VT 73705","ugraham@example.com","1965-07-10",8
921,"201 Patton Prairie Suite 839
Lestershire, OK 46357","ftaylor@example.net","1979-08-21",4
922,"772 Francis Crossroad
East Karen, NC 51828","ovelez@example.com","2005-04-29",10
923,"53279 Harold Radial Suite 667
Rebeccashire, WA 09198","katelynwilson@example.com","1986-11-20",1
924,"6846 Lori Bridge
Leblancmouth, GU 11342","cbell@example.org","2008-04-19",6
925,"286 Angela Turnpike Suite 944
Bellview, MO 48215","moorevictoria@example.com","1966-05-31",3
926,"7934 Underwood Mall
East Danielle, KY 76481","wardnicholas@example.net","2001-06-05",2
927,"USS Chapman
FPO AE 31405","shannonkenneth@example.com","2008-09-17",10
928,"167 Walker Freeway
Lake Stephenhaven, NH 48927","vbrown@example.com","1998-09-11",6
929,"2460 Rivas Unions Apt. 950
South Elizabeth, AS 32879","alexisdudley@example.com","1982-07-27",6
930,"06069 David Place
Deanborough, FM 30380","ariasapril@example.org","1998-10-20",7
931,"4597 Andrew Shore
Taramouth, AR 32320","jfletcher@example.org","2013-06-01",6
932,"858 John Glens
South Douglaschester, MA 09986","yreed@example.com","1971-12-04",9
933,"812 Kristen Mission
Alanmouth, FL 06134","njones@example.net","1972-05-07",4
934,"7962 Billy Creek
Port Davidtown, CT 18321","ocox@example.com","2019-02-25",3
935,"8289 Harris Rest Suite 093
Stevenchester, NV 28729","joshuahardy@example.org","1979-11-23",3
936,"5814 Roberson Prairie Suite 351
West Joshuaberg, NC 57213","whuang@example.net","2020-11-15",8
937,"662 Mcintyre Tunnel
Christophertown, VA 72600","ajohnson@example.net","2005-01-09",8
938,"0863 Pamela Alley
Theresafort, ND 15668","fsalazar@example.net","1990-12-05",7
939,"705 Kent Branch
Jeffreyberg, PW 07314","leblancjason@example.net","1989-06-27",5
940,"8842 Carla Manors
Wendyberg, OH 13477","srivera@example.net","1974-11-11",4
941,"81255 Deanna Springs Suite 192
Shanemouth, TN 16958","donnagraham@example.com","2014-10-24",3
942,"6552 Smith Locks
Thomasside, WV 41733","jenniferguerrero@example.org","1967-09-22",3
943,"0535 Timothy Valley
North Michael, HI 74401","laurie09@example.com","1992-07-20",2
944,"0106 Harris Throughway
Aaronbury, WY 87023","brandi66@example.net","2007-04-11",1
945,"1468 Garcia Club Suite 785
West Robert, HI 35318","mperez@example.com","1991-11-16",9
946,"93293 Joyce Drive
North Megan, MT 40360","qgraham@example.com","2005-06-29",5
947,"92555 Janet Ferry
Port Andrew, VI 03245","levymichael@example.com","2002-10-02",3
948,"07388 David Inlet
Kimberlyville, CA 01066","riverajay@example.net","1964-04-03",8
949,"05367 Hunter Prairie
Port Melindaberg, OK 37152","snydertonya@example.org","1977-12-09",9
950,"13039 Katherine Drives Apt. 982
Comptontown, MD 61314","brady97@example.com","1978-01-30",4
951,"031 Andrew Shoals Suite 729
Kevinside, AS 88166","ramirezthomas@example.com","1985-06-16",5
952,"4654 April Mountains Suite 058
Moralesshire, NM 10174","williamsstephanie@example.net","1971-04-29",8
953,"60334 Mcmillan Greens
Meganland, PW 23628","ybird@example.com","1974-06-11",1
954,"4243 Davis Place Apt. 793
Jenniferview, GA 21391","andrewsmith@example.net","1972-06-29",1
955,"62346 Darrell Rue
Mayoview, NH 31741","elizabethmiller@example.org","1986-03-06",8
956,"Unit 9502 Box 7329
DPO AP 88073","kevintaylor@example.net","1971-07-28",1
957,"984 Becker Land Suite 439
Gardnerburgh, PR 51911","cynthiasantiago@example.org","2000-09-13",7
958,"23477 Wilkerson Bypass Apt. 905
Lake Michael, FM 18649","foxrobert@example.net","2002-04-02",4
959,"72130 James Junction
Hollyland, WV 34567","jrichards@example.net","2017-08-27",8
960,"Unit 1805 Box 5105
DPO AA 94897","alvareztina@example.com","1996-06-10",2
961,"5154 Marissa Canyon
Meltonhaven, WI 68932","ysantiago@example.com","1985-06-16",10
962,"116 Daniel Rest
Robertsbury, MH 67023","dwilliams@example.net","1997-03-25",3
963,"27905 Brittany Island
Lake Melissa, FM 43490","lewisbrittney@example.net","1979-11-16",4
964,"4766 Evans Motorway
Palmerport, FL 07447","currycathy@example.net","1999-11-14",10
965,"07013 Cline Mission
Port Michael, GA 67933","justinscott@example.com","1970-06-12",7
966,"20935 Williams Crossing Suite 429
North Karen, VI 00971","joseph81@example.com","1990-09-13",9
967,"Unit 3803 Box 3546
DPO AE 67048","amy12@example.net","2009-08-27",1
968,"12393 Mendoza Court
South Denisefort, MO 11295","danieldavid@example.com","1994-01-30",5
969,"497 Castillo Branch
West Danielberg, ME 02281","amber92@example.org","1981-06-09",9
970,"465 Ashley Underpass
Rogersberg, VI 85325","laura13@example.org","1970-01-15",2
971,"1173 Peter Place
North William, WY 77144","elizabethmeza@example.net","1992-07-02",2
972,"PSC 6950, Box 1936
APO AA 76409","dunncarolyn@example.org","1988-01-26",7
973,"65060 Christian Viaduct
North Calebport, MH 03351","april29@example.org","1964-12-03",3
974,"4096 Alvarez Crest Apt. 793
Lake Sean, MI 07938","barbara76@example.com","1996-05-16",4
975,"1463 Howard Park Suite 864
Ryanchester, IA 33124","justinbecker@example.net","2021-02-28",8
976,"7325 Perez Rest
Santosmouth, AZ 21160","jeanette10@example.org","1975-01-26",7
977,"336 Hannah Alley
Tammyberg, NJ 56091","emilyhutchinson@example.com","2020-06-08",10
978,"58853 Andrea Station
Millershire, LA 21991","palmerrebecca@example.com","1981-05-14",9
979,"14285 Ross Manor
Carolchester, RI 27666","crussell@example.net","2017-10-03",5
980,"3028 David Run
Martinburgh, AS 83818","sfreeman@example.com","1987-12-09",7
981,"298 Brian Walk
Danielborough, RI 17599","troywhite@example.com","1995-04-12",5
982,"29781 Patel Corners
New Johnview, RI 90146","jonesmorgan@example.org","1998-09-03",6
983,"62990 Paul Forks Suite 033
Lucasland, DC 09977","james33@example.com","1991-07-18",2
984,"PSC 1860, Box 9869
APO AE 58627","francisco37@example.org","1965-03-25",6
985,"70636 Christensen Parks
West Zacharyborough, IN 29165","michael99@example.org","1991-03-17",3
986,"8727 Carpenter Ford Suite 752
Hendersonview, AS 97133","marymaynard@example.net","2004-12-15",10
987,"664 Brooks Trail Apt. 067
North Scottshire, OH 73974","anthonysnyder@example.org","1987-04-23",3
988,"973 Joseph Hills Apt. 281
North Brandon, NJ 57188","abell@example.net","2010-04-11",6
989,"USS Black
FPO AA 07137","deckerjuan@example.net","2009-03-14",10
990,"0831 Schroeder Glen
New Trevor, PW 73215","changdavid@example.com","1977-06-14",6
991,"108 Kelley Plains
West Victor, OH 77352","westangela@example.org","1975-08-17",4
992,"374 Andrew Isle Suite 928
Jessicaborough, TN 67114","newmancaleb@example.org","1974-03-22",5
993,"359 Hernandez Freeway
Mooreberg, CA 84850","anna28@example.net","2006-09-25",4
994,"328 Wallace Crossing Apt. 043
Karenstad, KS 95473","drewevans@example.org","2011-04-25",4
995,"3312 Pamela Forest
Phamland, IL 98693","joy50@example.com","2006-09-16",8
996,"6932 Robin Dam
South Jeanne, VI 58631","dwayne49@example.com","1997-07-10",10
997,"1343 George Fall Suite 895
Ianfort, NE 57595","serranoeileen@example.net","1992-10-16",1
998,"Unit 5653 Box 2856
DPO AP 15883","kathryn14@example.com","1984-09-14",10
999,"885 Cory Islands
South Madisonberg, RI 80048","moralesbilly@example.org","1968-05-21",5
1000,"1503 Amy Islands
Donnaton, NM 68784","kjones@example.net","1973-09-24",3
