0,"Crystal","Mccall","m",1989-12-21,vcrane@example.org
1,"Caroline","Foster","m",2007-01-28,zbenjamin@example.net
2,"John","Ayers","f",1981-04-19,gravesdouglas@example.net
3,"Henry","Wong","f",2001-09-09,john52@example.net
4,"Kyle","Jackson","m",1995-06-18,justin04@example.net
5,"Eric","Clark","m",1996-01-09,ryan32@example.org
6,"Robert","Wagner","f",1964-03-13,kevin92@example.net
7,"Kelly","Clark","m",1967-05-28,aking@example.net
8,"Timothy","Sosa","m",1966-09-30,breweralex@example.org
9,"Timothy","Mason","m",2001-06-17,carpentersusan@example.org
10,"Steven","Smith","m",1983-02-04,powelljames@example.org
11,"Sean","Klein","f",1968-09-12,kevinrhodes@example.net
12,"Melissa","Miller","f",1995-01-14,pgonzalez@example.com
13,"Richard","Macias","f",1977-10-18,pwilliams@example.net
14,"Gary","Conrad","m",1978-02-26,mark99@example.org
15,"Catherine","Ross","m",1993-10-22,amytucker@example.org
16,"Kevin","Robertson","f",1979-12-19,marvin07@example.com
17,"Megan","Smith","m",2002-04-05,kristy60@example.org
18,"Steven","Gonzales","m",2003-08-18,donna47@example.com
19,"George","Murray","f",2004-07-19,alexandercruz@example.net
20,"Manuel","Hill","m",1987-01-16,qwest@example.org
21,"Rebecca","Benson","m",1982-08-01,leeleslie@example.com
22,"Nicholas","Holder","m",2001-12-17,nicholas97@example.net
23,"Colleen","Wagner","f",1966-04-22,nicolegreen@example.com
24,"Jeffrey","Garza","f",2002-07-10,noah81@example.com
25,"Michael","Silva","f",2002-07-12,henry11@example.com
26,"Katie","Esparza","f",1974-10-16,obriennicholas@example.com
27,"Sarah","Jones","m",1970-10-19,miranda04@example.net
28,"Robert","Rodriguez","f",1995-09-18,franklin40@example.net
29,"Christina","Hall","f",1975-10-05,tanner62@example.org
30,"Michael","Wallace","f",1991-12-17,bli@example.org
31,"Lisa","Miller","m",1982-08-31,william39@example.com
32,"David","Rivers","f",1981-10-25,stevenweiss@example.com
33,"Kevin","Bennett","f",1980-03-07,ubauer@example.com
34,"Barbara","Hernandez","f",1969-05-18,warmstrong@example.com
35,"Joshua","Jordan","f",1987-07-03,laura20@example.org
36,"Andrew","Patterson","m",1993-01-29,kevin94@example.net
37,"April","Clark","m",1986-12-26,clintonschmidt@example.net
38,"Bethany","Cruz","f",1986-07-10,mezatammy@example.com
39,"John","Mckee","f",2001-04-29,melissahartman@example.org
40,"Vanessa","Pham","f",2004-11-01,danielsmaria@example.net
41,"Sarah","Fisher","f",1982-10-22,preston83@example.net
42,"Heather","Richardson","m",1986-10-25,baileymackenzie@example.com
43,"Tina","Herman","f",1991-03-19,alex82@example.com
44,"James","Flores","m",1987-04-16,esosa@example.net
45,"Emily","Gray","m",1999-09-19,ssutton@example.net
46,"Justin","Jackson","f",1985-06-18,michelle82@example.com
47,"Lisa","Sexton","m",1989-02-04,christophermartin@example.net
48,"Andrew","Davis","f",2007-01-16,whamilton@example.com
49,"Kevin","Jenkins","m",1983-09-25,jacksondaniel@example.net
50,"Jason","Miller","f",1992-07-18,walljohn@example.org
51,"Katherine","White","f",1987-02-14,robersonpatricia@example.org
52,"Samantha","Stevenson","f",1964-05-31,washingtonrobert@example.org
53,"Antonio","Cook","f",1981-01-02,hollywells@example.org
54,"Kayla","Brown","m",1972-01-20,cohenanthony@example.net
55,"Michael","Krause","f",1989-04-06,christine17@example.net
56,"Theresa","Benson","f",1986-08-24,vgillespie@example.org
57,"Daniel","Reyes","m",1970-05-21,jacksonkelly@example.com
58,"Paula","Lara","m",1967-09-08,hartzachary@example.net
59,"Lisa","Wagner","f",1985-10-12,christysutton@example.net
60,"Christopher","Bush","f",1963-11-28,charlenetaylor@example.net
61,"Christopher","Bailey","f",1994-12-26,kathleen40@example.net
62,"Janice","Martin","m",2002-01-18,destiny99@example.net
63,"David","Johnson","m",1986-03-24,zdiaz@example.org
64,"Matthew","Nichols","f",1973-03-21,warnerlaura@example.com
65,"Ryan","Estrada","f",2005-01-16,pchavez@example.com
66,"Alexander","Hoover","f",2005-08-05,georgepage@example.net
67,"Ashley","Shaw","m",1964-04-21,caitlyn88@example.net
68,"Cynthia","Love","f",1978-11-25,jbarton@example.net
69,"Joel","Stewart","f",1981-05-27,tcollins@example.com
70,"Megan","Dougherty","f",2005-09-11,tgonzales@example.com
71,"Charles","Bailey","f",1979-02-18,ewilliams@example.net
72,"Kevin","Frazier","f",1990-12-14,wblair@example.org
73,"Patrick","Vazquez","m",1995-03-15,brittanyfarmer@example.net
74,"Luke","Martin","f",1988-05-10,vmedina@example.org
75,"Sara","Carter","f",1984-12-06,stevenmason@example.com
76,"James","Patterson","f",1979-04-12,jennifersolomon@example.com
77,"Michael","Weaver","m",2005-07-29,maryellis@example.org
78,"Joshua","Johnson","m",1971-02-24,carolgriffin@example.com
79,"Anthony","Wright","f",1984-08-28,buckamanda@example.net
80,"Donna","Camacho","f",1966-03-11,jordanrebecca@example.net
81,"Adam","Hudson","m",1998-03-28,jacqueline07@example.org
82,"Darren","Jimenez","m",2006-06-12,rthomas@example.net
83,"William","Mcclure","f",2000-02-23,holtbrittany@example.org
84,"Brenda","Miller","m",1991-08-22,jacobcarter@example.com
85,"Lisa","Jenkins","f",1965-02-16,justin18@example.com
86,"Karen","Phillips","m",1975-12-08,smithjuan@example.org
87,"Kimberly","Webb","f",1996-07-08,tammy85@example.net
88,"Caitlin","Miller","m",2001-04-13,mscott@example.net
89,"Kimberly","Swanson","m",2000-02-28,donaldmiller@example.net
90,"Cynthia","King","m",1984-04-29,melissa14@example.org
91,"Roberto","Chapman","f",1990-09-10,yswanson@example.org
92,"Cynthia","White","m",2001-03-01,jameselliott@example.com
93,"Brian","Schroeder","f",1969-09-25,kenneth97@example.com
94,"Katherine","Scott","f",1991-05-29,ibrooks@example.com
95,"Cynthia","Edwards","m",1979-06-20,bradfordpaul@example.org
96,"Jackie","Williams","m",1963-10-24,wmartin@example.org
97,"Catherine","Knight","f",1985-01-31,adamskatie@example.org
98,"Paul","Griffith","m",1968-01-18,adamsuarez@example.org
99,"Erin","Long","f",2004-06-25,trujilloisabella@example.com
100,"Tina","Johnson","m",1969-11-11,phillipskimberly@example.net
101,"Jeremy","Williams","f",1983-09-14,blee@example.com
102,"Rachel","Walker","f",1979-05-15,nicholas86@example.net
103,"David","Martinez","m",1979-06-11,sanchezrhonda@example.com
104,"Christopher","Miller","f",1972-12-23,prattanna@example.org
105,"Laura","Mckinney","f",1970-12-03,jasminesmith@example.org
106,"Joseph","Warner","f",1994-09-13,jesusmurray@example.com
107,"Juan","Cochran","f",2002-09-25,daviesamanda@example.com
108,"Aaron","Ross","m",1982-02-16,lovelatoya@example.com
109,"Peter","Dunn","f",1967-06-04,maddenjoseph@example.com
110,"Jeremy","Freeman","m",1990-10-18,simmonsamber@example.com
111,"Paul","Smith","m",1990-04-25,kwang@example.com
112,"Laura","Mueller","f",1990-07-01,hrodriguez@example.com
113,"Kevin","Torres","m",1991-06-04,blackgregory@example.org
114,"Jacqueline","Mccormick","m",1965-06-16,wgreene@example.org
115,"James","Carpenter","f",1970-10-01,bpittman@example.com
116,"Morgan","Osborne","f",2006-02-08,reeseashley@example.org
117,"Betty","Joseph","m",1979-10-08,ryanmurphy@example.org
118,"Kari","Burns","m",1986-11-15,lorilee@example.org
119,"Benjamin","Fields","m",1976-08-10,jamesjohnson@example.org
120,"Danielle","Mercado","m",2002-04-30,garrettbrady@example.net
121,"Pamela","Hendricks","f",1996-06-14,carla80@example.com
122,"James","Huerta","f",1970-08-03,rodriguezlisa@example.net
123,"David","Vincent","f",1965-05-27,sheilamack@example.com
124,"Donna","Rowe","f",1994-04-07,jesse76@example.com
125,"Ian","Lewis","m",1979-12-07,morandylan@example.com
126,"Noah","Butler","m",1964-07-11,fadams@example.com
127,"Stacey","Taylor","m",1975-06-11,kmiller@example.net
128,"Jessica","Stanley","f",1987-07-28,michelle95@example.com
129,"William","Martin","m",1964-11-04,kimberly83@example.net
130,"Chase","Hernandez","m",2001-12-01,coleterrence@example.com
131,"Robert","Montes","m",1969-12-22,eileenhunter@example.com
132,"Benjamin","Gomez","f",1972-04-05,jennifer82@example.net
133,"Michelle","Serrano","f",1968-05-31,lmonroe@example.org
134,"Elizabeth","Ward","f",1988-06-10,karenharrison@example.com
135,"Lori","Rivera","f",1976-02-23,garzaandre@example.net
136,"Sandra","Montgomery","f",1989-07-21,nathancollins@example.net
137,"Rebecca","Smith","m",1992-06-07,howardkoch@example.org
138,"Susan","Lowery","m",1981-06-13,johnarmstrong@example.net
139,"Michael","Marsh","m",1984-01-17,diamond42@example.net
140,"Charles","Santiago","m",1974-12-10,gonzaleztodd@example.com
141,"Nicole","Bradley","f",1988-01-18,stokeswilliam@example.org
142,"Willie","Rogers","f",1996-09-01,gwilliams@example.org
143,"Elizabeth","Morgan","f",1984-02-27,michaelcarroll@example.net
144,"Ian","Perez","f",1968-01-01,wheelermichelle@example.com
145,"Michelle","Richards","f",2006-11-19,vincent19@example.org
146,"Kayla","Hicks","m",1975-03-06,djenkins@example.com
147,"Kayla","Evans","f",2005-07-03,angelablackburn@example.org
148,"William","Stevens","f",2001-02-21,jaclyn10@example.org
149,"Danielle","Hendrix","f",1980-10-26,silvahayley@example.net
150,"Amy","Stewart","m",1979-04-13,virginiagarcia@example.net
151,"Felicia","Mendoza","f",1974-12-17,laura56@example.org
152,"Mary","Porter","f",1973-06-12,kimberlymoran@example.com
153,"Bernard","Jimenez","m",1971-01-19,jacksongregg@example.org
154,"Robert","Carter","m",1988-01-16,uwatkins@example.org
155,"Steven","Davis","m",1975-11-13,mowens@example.com
156,"Alicia","Romero","f",1995-09-10,osbornjason@example.com
157,"Jessica","Collins","f",1989-11-26,abigailgibbs@example.net
158,"Michael","Sanders","f",2005-12-11,joshua41@example.com
159,"Jacqueline","Carter","f",1976-12-01,jessicalewis@example.com
160,"Kelly","Williamson","f",1968-01-14,marie49@example.net
161,"Christopher","Nicholson","m",1983-04-30,ashley84@example.net
162,"Ross","Obrien","f",1964-01-29,cramsey@example.net
163,"Stephanie","Wilson","f",2003-03-06,scox@example.com
164,"Sheila","White","m",1996-05-08,wwilkins@example.com
165,"Michael","Kim","f",1994-01-01,nduke@example.com
166,"Eric","Smith","m",2001-02-13,nicholaspeters@example.com
167,"Mary","Burton","m",1982-09-25,meganjones@example.com
168,"Melissa","White","m",1967-08-26,frobinson@example.com
169,"Andrew","Wolf","f",1971-04-01,peter96@example.net
170,"Jessica","Lopez","m",1981-03-05,thomasrichard@example.org
171,"Walter","Marsh","m",2000-09-09,osullivan@example.org
172,"Billy","Peterson","f",1991-09-06,zwatkins@example.com
173,"April","Sullivan","f",1994-12-12,martinjesse@example.org
174,"Justin","Baker","m",1969-02-03,selena37@example.net
175,"Brandy","Diaz","m",1975-05-19,michael93@example.com
176,"Michael","Barrett","f",1984-08-25,annettecalderon@example.org
177,"Kathryn","Clay","f",1976-08-22,kristinaruiz@example.com
178,"Diana","Clark","f",2003-09-13,kenneth03@example.net
179,"Rebecca","Roberts","m",2003-05-22,davisrachel@example.org
180,"Sierra","Sullivan","m",1973-09-03,crystalmiranda@example.org
181,"Jessica","Smith","m",1990-02-21,martinezwilliam@example.net
182,"Jack","Watson","m",2004-08-03,jessica31@example.org
183,"Frederick","Reed","m",1999-03-10,connie46@example.org
184,"Shane","Murphy","m",1973-11-05,taylorjudith@example.com
185,"Lindsey","Reeves","m",1981-08-27,oedwards@example.org
186,"Robin","Krause","f",2001-10-25,jenniferstokes@example.net
187,"Jennifer","Moreno","f",1995-11-19,omcfarland@example.com
188,"Annette","Alexander","m",2002-04-09,teresasullivan@example.com
189,"Nicholas","Gonzales","f",1995-06-01,powellkelly@example.com
190,"Cody","Vang","f",1991-04-12,candacepatterson@example.com
191,"Carolyn","Anderson","m",1964-07-02,yhill@example.net
192,"Mitchell","Williamson","m",1975-11-07,mark22@example.com
193,"James","Martinez","m",1973-01-29,perezcourtney@example.org
194,"Jeremy","Logan","m",1980-02-17,bsandoval@example.net
195,"Valerie","Fry","f",1994-11-01,brian28@example.net
196,"Sean","Campbell","f",1985-10-17,markpeters@example.net
197,"Karen","Flynn","m",1966-07-09,suarezscott@example.com
198,"Louis","Martin","f",1997-03-21,christophernixon@example.com
199,"Jack","Velazquez","m",1973-06-08,martinezmegan@example.com
200,"Shawn","Caldwell","m",1963-12-02,yanderson@example.com
201,"Laura","Wilson","f",2002-12-10,youngrobert@example.org
202,"Rhonda","Porter","m",1983-09-10,scottdanielle@example.org
203,"Karen","Peck","f",1998-08-05,joseph03@example.org
204,"Stephen","Edwards","m",1983-09-28,daviddoyle@example.com
205,"Marcus","Gomez","f",2005-11-22,freemanjared@example.net
206,"Chris","Rodriguez","m",2002-02-07,matthewpeterson@example.com
207,"Karen","Wilson","m",1983-02-18,mariah96@example.net
208,"Gregory","Terrell","m",1992-01-16,ricky85@example.org
209,"Brooke","Conley","f",1970-04-13,ucollins@example.org
210,"Teresa","Young","f",2001-05-21,sarahhobbs@example.net
211,"Mark","Chang","m",1980-05-09,tanyaellis@example.org
212,"Rachel","Burns","f",1969-02-11,ucarter@example.org
213,"Olivia","Arroyo","f",1987-04-28,stacy71@example.com
214,"Katie","Moore","m",1963-10-14,starkjeremy@example.org
215,"Charles","Davis","m",1978-12-28,gonzalezkathryn@example.com
216,"Kevin","Moore","m",1972-03-05,yvonnethompson@example.org
217,"Kimberly","Huerta","m",1969-03-03,heather57@example.org
218,"Shelby","Robinson","m",1992-01-02,msalazar@example.org
219,"Robin","Floyd","m",2002-01-08,paulbyrd@example.com
220,"Chad","Rodriguez","m",1982-06-21,hannah96@example.org
221,"Jonathan","Bowers","f",1980-10-24,cory71@example.org
222,"Sheila","Anderson","f",1968-02-10,plee@example.org
223,"Steven","Bowers","m",1980-02-27,benjamincoleman@example.net
224,"Amanda","Wilson","f",1988-09-21,gonzalezmelinda@example.net
225,"Charles","Merritt","m",1972-06-05,sergio47@example.com
226,"Jessica","Dunn","f",1992-01-06,burnsmorgan@example.org
227,"Nicholas","Black","f",1974-07-27,wandaeaton@example.com
228,"Michelle","Warner","m",1973-12-14,mary39@example.org
229,"Derek","Jacobson","m",1995-08-26,walkerjessica@example.org
230,"Taylor","Miller","m",1986-05-03,nancy63@example.net
231,"Luis","Mcmahon","f",1985-10-24,ian21@example.org
232,"Steven","Horn","f",1989-11-09,julieyoung@example.com
233,"Alexander","Mejia","m",1969-11-01,anna92@example.org
234,"Bruce","Lang","m",1968-02-26,davidrocha@example.org
235,"Wendy","Rivers","m",1995-06-30,vanessa70@example.org
236,"Stephanie","Nguyen","f",1992-08-19,jessica02@example.org
237,"Amy","Klein","m",1973-12-31,bennettjustin@example.org
238,"Daniel","Johnson","m",1976-04-28,deborahjohnson@example.org
239,"Steven","Gutierrez","f",1974-05-04,griffithrobert@example.com
240,"William","Ortiz","m",2003-07-21,jose97@example.org
241,"Douglas","Fry","m",1989-04-06,lisawoods@example.org
242,"Molly","Kelley","f",1976-05-17,lauramartinez@example.com
243,"Megan","Hansen","f",1997-02-08,bennettrachel@example.net
244,"Robert","Mathews","m",1992-04-24,taylor64@example.org
245,"Kara","Boyd","f",1983-06-27,jocelyn41@example.net
246,"Dalton","Green","m",1973-09-30,kristinabrown@example.com
247,"Karen","Moore","f",2007-07-30,smithbrian@example.com
248,"Kelly","Mercer","f",1988-09-26,ikelly@example.com
249,"Chelsea","Carter","f",2003-08-03,antonio41@example.com
250,"Gregory","Johnson","f",1969-03-05,rjohnson@example.com
251,"Melissa","Thompson","f",1986-08-30,douglaslewis@example.com
252,"Allison","Lee","m",1987-07-02,charles58@example.com
253,"Nancy","Hernandez","f",1968-06-01,brandonhull@example.com
254,"Douglas","Lopez","m",1987-06-28,linda19@example.com
255,"Alexis","Taylor","f",1980-10-10,michaelmoore@example.com
256,"Carlos","Barron","f",2006-02-15,hjohnson@example.org
257,"Matthew","Gonzalez","f",1965-09-07,gilbertpowell@example.net
258,"Ashlee","Harris","f",2004-10-18,lfields@example.org
259,"Nicole","Lloyd","f",1968-07-20,cohenjorge@example.com
260,"Vincent","Hensley","f",2003-08-03,tamicoleman@example.net
261,"Wesley","Osborn","f",1964-11-02,crystal94@example.org
262,"Paul","Molina","f",1986-06-07,leeryan@example.org
263,"Michelle","Horne","f",1994-10-14,mahoneydarrell@example.com
264,"Taylor","Reyes","f",1978-11-10,lauren91@example.com
265,"Erin","Clark","m",1983-03-24,pamelawalters@example.net
266,"Brenda","Morris","f",1977-03-28,gonzalesashley@example.org
267,"Amy","Miller","m",1976-12-11,martinezangela@example.com
268,"Gerald","Petty","f",1969-05-31,blackjohn@example.com
269,"Isaac","Chang","m",1976-02-07,gregory73@example.net
270,"Elizabeth","Kim","f",1964-01-01,pdunn@example.com
271,"Mary","Dickerson","m",1972-05-13,xwest@example.com
272,"Jeffery","Hill","f",2006-07-06,luis78@example.com
273,"Christopher","Cole","f",1980-07-24,fking@example.net
274,"Cynthia","Ray","f",1984-11-07,michelle72@example.net
275,"Megan","Ayers","f",2004-12-15,julie47@example.org
276,"Richard","Simmons","f",1973-07-31,matthewlee@example.com
277,"Russell","Myers","f",1975-08-31,fthomas@example.net
278,"Travis","Wilson","f",1979-05-20,michael79@example.net
279,"Lynn","Webster","m",1989-10-19,brooke98@example.com
280,"Bryan","Mitchell","m",1965-08-19,yjohnson@example.net
281,"Marc","Rodriguez","f",1972-08-02,nhendrix@example.com
282,"Joseph","Kaiser","f",1976-03-08,donna28@example.com
283,"Kevin","Anderson","f",1998-01-26,tyler87@example.net
284,"Calvin","Fritz","m",1966-01-03,william50@example.org
285,"Amanda","Patterson","m",2000-06-17,donald01@example.net
286,"Lauren","Garcia","m",1989-12-21,jzamora@example.org
287,"Katrina","Lawrence","f",1991-01-20,bakercarrie@example.com
288,"Brian","Campbell","m",1988-11-30,smithcarlos@example.net
289,"Michael","Frye","m",1979-10-04,jalvarez@example.org
290,"James","Garcia","f",1992-11-19,charlesmills@example.org
291,"Diane","Frazier","f",1998-09-12,melanie07@example.com
292,"Randy","Turner","m",2004-12-18,markrosario@example.com
293,"Anita","Elliott","m",1964-04-03,nadkins@example.com
294,"Christopher","Benjamin","m",1963-12-23,iwheeler@example.net
295,"Parker","Bell","f",1999-04-10,brandonwoods@example.com
296,"Jill","James","m",1983-08-16,brandon88@example.net
297,"Erica","Hendricks","f",1972-05-25,ronaldsimpson@example.com
298,"Ricky","Dunn","m",2002-02-27,frankjason@example.com
299,"Heather","Frost","m",1998-04-27,patriciaferguson@example.net
300,"Patricia","Wallace","f",1974-12-22,bridgesrobin@example.com
301,"Christopher","Jordan","m",1995-12-27,nicholashuynh@example.net
302,"Carrie","Romero","f",1993-07-07,chayes@example.net
303,"Laura","Rivera","f",1986-03-05,ccole@example.net
304,"Benjamin","Lee","m",1974-09-08,floresrachel@example.net
305,"Paul","Carlson","f",1987-05-13,milesjessica@example.com
306,"Christopher","Frank","m",1979-07-06,rachel97@example.com
307,"Jennifer","Nelson","m",1981-02-12,burkekimberly@example.com
308,"Pamela","Robertson","m",1990-12-25,mark02@example.net
309,"Jason","Hughes","m",1992-12-29,odelacruz@example.com
310,"Paul","Foster","m",1990-08-21,toddkathleen@example.com
311,"Adam","Thomas","m",2000-02-03,xweber@example.org
312,"Tracy","Delgado","m",1987-08-08,thomas93@example.org
313,"Heather","Brown","m",1986-08-12,milleramanda@example.org
314,"Sharon","Douglas","m",1987-10-14,jeffreyfox@example.net
315,"Carol","Hatfield","m",1969-06-23,emendez@example.com
316,"Jordan","Mckenzie","m",1965-06-10,daniel52@example.com
317,"Jose","Short","m",1990-05-29,barbararoth@example.com
318,"Courtney","Gibson","m",1999-03-15,keith44@example.net
319,"David","Jackson","f",1979-12-24,halljenna@example.org
320,"Jessica","Phillips","f",1971-02-07,christopher67@example.com
321,"Patricia","Myers","m",1967-02-09,navarroscott@example.net
322,"Debra","Ingram","f",1998-10-26,smithandre@example.com
323,"Mark","Jordan","m",1988-03-01,kimberlymason@example.org
324,"Yolanda","Howard","m",1970-01-31,andrew35@example.org
325,"Rachel","Wyatt","f",1978-05-27,lmyers@example.net
326,"Jennifer","Young","f",1990-01-03,david77@example.net
327,"Rachel","King","f",1998-05-11,curtisesparza@example.net
328,"Sarah","Johnson","f",1981-06-08,christina64@example.net
329,"Heather","Thompson","m",1977-11-13,wanda71@example.com
330,"Luke","Alexander","f",1998-10-18,qsmith@example.org
331,"Nathaniel","Hernandez","m",1973-09-08,lavila@example.net
332,"Amanda","House","f",1986-02-09,berryscott@example.org
333,"Bethany","Martin","m",1983-03-18,dawn50@example.com
334,"Russell","Price","m",1987-10-05,tdrake@example.org
335,"Michael","Castro","f",1964-09-05,joshuanunez@example.org
336,"Kelly","Jackson","m",1966-04-12,kaylahill@example.net
337,"Abigail","Fuller","f",1974-12-21,salinasscott@example.org
338,"Kevin","Morales","m",2005-05-06,lisanelson@example.org
339,"Brandon","Cummings","m",2006-02-12,acraig@example.net
340,"Madison","Conway","m",1973-07-10,ddelgado@example.org
341,"Randy","Beasley","m",1992-03-29,wharris@example.com
342,"Rachael","Garcia","f",1999-05-05,iwashington@example.com
343,"Carlos","Hernandez","m",1965-10-25,erik85@example.net
344,"Matthew","Smith","m",2005-12-18,wesley50@example.org
345,"Joe","Schneider","f",1976-04-28,sanderscarrie@example.com
346,"Cody","Sherman","m",1974-03-20,psnyder@example.com
347,"Jordan","Little","f",1985-03-19,lisagibson@example.net
348,"Guy","Perez","m",1984-10-08,brandywashington@example.org
349,"Jennifer","Collins","m",2005-05-22,norrisalicia@example.com
350,"Jenna","Lopez","m",2002-06-09,april29@example.net
351,"Laura","Santiago","m",1976-11-24,paulwright@example.net
352,"Marco","Bernard","f",2006-04-12,hansonheather@example.com
353,"Shannon","Moore","m",1996-05-03,irwinsheila@example.net
354,"Alexander","Carpenter","m",1970-04-25,chambersjohn@example.org
355,"Kirsten","Burns","f",1973-01-06,alex17@example.org
356,"Jennifer","Hall","m",1984-07-09,loriharper@example.net
357,"Sara","Butler","m",1978-11-10,brandondurham@example.org
358,"Oscar","Bell","m",1978-05-15,fglover@example.org
359,"Michael","Blair","f",1969-04-15,gnelson@example.net
360,"Nicole","Dillon","m",1969-06-29,fbrady@example.net
361,"Emily","Castillo","f",2003-05-12,mason03@example.com
362,"Jason","Nichols","m",2005-04-05,schneiderrobert@example.net
363,"Rebecca","Johnston","f",2005-08-21,youngmadison@example.com
364,"Timothy","Mcclure","f",1974-06-22,charles53@example.org
365,"Carol","Mosley","m",1992-01-17,nicoletaylor@example.com
366,"Nicholas","Avery","m",1990-07-25,brittany10@example.org
367,"Linda","Martinez","m",1970-06-23,john44@example.org
368,"Brent","Andrews","m",1965-09-16,vegaluis@example.com
369,"Amber","Banks","m",1993-09-16,dreese@example.com
370,"Connie","Rivera","m",1988-06-14,villanuevajill@example.net
371,"Daniel","Davis","m",1969-11-15,landrytammy@example.com
372,"Anthony","Alvarez","f",1984-04-26,lwagner@example.org
373,"Valerie","Avila","f",1996-08-01,mmarshall@example.net
374,"Christopher","Davis","f",1985-06-11,pmiller@example.org
375,"Felicia","Johnson","m",1984-02-23,fevans@example.net
376,"Brandon","Walsh","m",1981-02-26,stephensongina@example.com
377,"Jesse","Wells","f",1995-03-03,edwardsheather@example.org
378,"Eduardo","Carroll","m",1984-03-02,kgraves@example.net
379,"Matthew","Curry","f",1974-05-18,franklinamanda@example.net
380,"Gary","Larson","f",1992-03-14,bakerchristina@example.net
381,"Erika","Mclean","m",2007-04-13,michael13@example.org
382,"Richard","Parker","m",2001-06-18,hartmanyolanda@example.org
383,"Tonya","Caldwell","m",1979-01-15,jennifermorgan@example.net
384,"Chelsea","Contreras","m",1970-08-10,mlynch@example.org
385,"Angel","Herrera","f",1980-01-24,kristen73@example.net
386,"Jonathan","Roberts","m",1968-07-29,david15@example.net
387,"Paula","Walter","f",1977-02-08,hickmanabigail@example.org
388,"Michelle","Beck","m",1982-05-02,brenda97@example.org
389,"Clarence","Griffin","f",1968-08-22,cclark@example.org
390,"Christopher","Gibson","f",1978-02-18,michael72@example.org
391,"Tammy","Burnett","f",1981-06-16,maysfrancisco@example.org
392,"Kimberly","Hooper","f",1976-02-26,jdrake@example.org
393,"Katherine","Stewart","m",1984-11-02,johnchandler@example.net
394,"Jeff","Park","f",1985-05-07,jonathanshaw@example.net
395,"Linda","Marsh","f",1983-01-21,christina65@example.org
396,"Jorge","Solis","m",1966-04-13,john13@example.org
397,"Jeffrey","Brown","m",1976-06-06,melissa67@example.org
398,"Ellen","Camacho","m",1964-09-20,marcmendoza@example.org
399,"Maurice","Bradley","m",1996-11-15,andreacook@example.org
400,"Wyatt","Holt","f",2004-11-22,john79@example.net
401,"Carl","Lowe","f",1997-09-07,gmcbride@example.net
402,"Brian","Obrien","f",1965-05-26,suelam@example.org
403,"Lindsay","Hoover","m",1968-09-10,alyssaschmitt@example.com
404,"Stephanie","Smith","f",2006-07-22,patricknicole@example.org
405,"Theodore","Alexander","m",1965-04-05,jason81@example.com
406,"Alison","Shaffer","m",1976-08-10,henry59@example.org
407,"David","Davis","f",1982-03-10,yangeddie@example.net
408,"Joshua","Flores","m",1973-10-15,ralph78@example.com
409,"Sandra","Anderson","m",1983-03-10,hannahthomas@example.net
410,"Rebecca","Holloway","m",2000-12-04,tiffany38@example.org
411,"Tricia","Bautista","f",1966-02-17,sheryl70@example.com
412,"Amy","Dunn","m",1981-08-23,garrettcox@example.net
413,"Christine","Valentine","m",1971-04-24,kennethhaynes@example.net
414,"Caleb","Curtis","m",2002-12-13,paulparker@example.net
415,"Lisa","Miller","f",2004-01-12,leonking@example.org
416,"Jennifer","Hill","m",1990-04-23,lori35@example.net
417,"Daniel","Walls","m",1977-01-18,gtaylor@example.com
418,"Richard","Ward","m",1972-01-05,shannon61@example.net
419,"Lisa","Douglas","m",1974-09-24,meghangonzalez@example.net
420,"Isaac","Wright","f",2001-10-28,adambates@example.com
421,"Phillip","Mitchell","f",1995-07-11,mary65@example.com
422,"Joseph","Parker","m",1996-02-09,alexandra03@example.net
423,"Ernest","Harris","m",2006-02-16,timothy65@example.net
424,"Kristie","Austin","f",1989-09-30,melaniewilliams@example.org
425,"Linda","Hernandez","m",1992-11-02,ucrawford@example.net
426,"Anthony","Baker","m",1987-11-09,sbullock@example.com
427,"Nathan","Cook","m",1969-06-08,keithsanchez@example.com
428,"Ryan","Hunt","m",1970-02-10,xmcdonald@example.net
429,"Brittney","Phillips","m",1981-01-18,clarkdaniel@example.net
430,"Nicholas","Cochran","f",1988-06-03,ronald80@example.com
431,"Scott","Conway","m",1993-12-29,peggyfreeman@example.com
432,"Joseph","Perez","f",1967-07-10,tmunoz@example.org
433,"Sarah","Schmidt","m",1981-09-26,pshelton@example.net
434,"Cynthia","Stevenson","m",2006-04-05,matthewscott@example.org
435,"Courtney","Morrow","m",2001-11-22,karen68@example.net
436,"Kevin","Estes","m",1978-12-25,leemegan@example.net
437,"Maurice","Wilson","m",2005-04-02,bdickerson@example.org
438,"Christopher","Wallace","m",2003-10-30,pughjustin@example.net
439,"Michael","Ross","m",2004-04-07,jenniferwilkerson@example.org
440,"Jamie","Ramos","m",1975-12-14,annajohnson@example.org
441,"Linda","Arnold","m",1967-02-13,jacobsonmegan@example.net
442,"Joshua","Ellison","f",1981-06-25,nmay@example.com
443,"Paul","Guzman","f",1971-02-13,vmayo@example.org
444,"Arthur","Beard","m",1969-12-08,sbrown@example.org
445,"Alexander","Buchanan","m",1982-12-03,kellyyoung@example.org
446,"Erik","Valdez","f",1967-04-11,emilynunez@example.com
447,"Nathan","Cook","f",1981-11-29,christopher06@example.org
448,"Tamara","Ramirez","m",1969-07-25,sarah85@example.net
449,"Brenda","Farmer","f",1989-11-06,mike48@example.net
450,"Natalie","Peterson","m",1983-02-02,pzimmerman@example.com
451,"Cynthia","Hanson","f",1995-07-10,bblack@example.org
452,"Keith","Cox","m",1983-04-21,isaiahharvey@example.com
453,"Sheila","Salinas","m",1965-11-18,monicataylor@example.com
454,"Tabitha","Sullivan","f",1979-08-25,brianchase@example.net
455,"John","Watson","m",1976-09-17,zsimon@example.com
456,"Edwin","Jackson","f",1984-04-18,bradley24@example.org
457,"Alice","Hill","m",2000-03-06,donaldsimmons@example.org
458,"Jacob","Collins","m",1977-10-02,alan91@example.com
459,"William","Fields","m",1966-06-02,josephmarsh@example.org
460,"Jacob","Leon","f",2007-05-11,jdavis@example.org
461,"Renee","Carlson","m",1984-01-20,nyang@example.com
462,"Cindy","White","f",1997-10-05,bauermadison@example.org
463,"Holly","Rodgers","m",1990-07-27,robert66@example.org
464,"Pamela","Brown","f",1988-06-27,zturner@example.com
465,"Joseph","Thomas","m",1998-01-20,lucasedwards@example.com
466,"John","Johnson","m",1981-08-21,jessicacline@example.org
467,"John","Palmer","m",1973-06-03,patrickjimenez@example.org
468,"Bianca","Lewis","m",1965-01-10,nicolasthompson@example.com
469,"John","Johnson","f",1980-08-14,virginia58@example.net
470,"Crystal","Curry","f",2001-06-30,lawrencelaura@example.org
471,"Sara","Johnson","f",1985-02-22,kevin73@example.net
472,"Craig","Bernard","f",2003-04-28,sarahfisher@example.net
473,"Jason","Davis","f",1979-05-11,etorres@example.net
474,"Samuel","Brooks","f",1979-04-09,isaiah08@example.com
475,"Patricia","Barton","m",1981-07-24,emilyjones@example.org
476,"Daniel","Erickson","f",2003-09-29,ariel30@example.com
477,"April","Murphy","f",2001-12-25,njones@example.com
478,"Jennifer","Kelley","f",1966-10-06,hughesleslie@example.com
479,"Michael","Levine","m",1997-08-18,logan88@example.net
480,"Deborah","Jacobs","f",1994-01-15,carol74@example.org
481,"Jill","Owens","m",1979-12-12,rosemonica@example.com
482,"Leslie","Wolf","f",1991-08-23,victorperkins@example.com
483,"Kenneth","Terry","m",1998-01-25,comptonteresa@example.com
484,"Nathaniel","Snyder","f",1990-04-27,ericmiller@example.org
485,"Andrew","White","f",1974-07-30,denise14@example.com
486,"Lisa","Montoya","f",1978-01-30,royedward@example.com
487,"Kristin","Bartlett","m",1983-06-30,pmorris@example.com
488,"David","Sweeney","m",2001-06-24,uwilliams@example.net
489,"Tyler","Adkins","f",1984-03-28,shawngriffith@example.net
490,"Nicholas","Mora","m",1969-03-06,pruittbrittany@example.org
491,"David","Jones","m",1998-12-19,dshaw@example.com
492,"Nathan","Bauer","m",1993-06-25,moranrebecca@example.org
493,"Donald","Benson","f",1995-11-24,zachary95@example.com
494,"Ellen","Nelson","f",1997-03-19,natasha84@example.net
495,"Brandon","Crawford","m",2005-12-13,ramirezsandra@example.org
496,"Victoria","Hicks","f",1980-05-20,robinsonshannon@example.net
497,"Alexis","Jones","m",1984-07-07,arodriguez@example.org
498,"Caleb","Figueroa","f",1982-05-15,brian42@example.net
499,"Daniel","Smith","m",1971-02-17,zpratt@example.org
500,"Kevin","James","m",2001-03-31,scott64@example.net
501,"Sarah","Melton","m",2003-01-31,danny72@example.org
502,"Shirley","Villarreal","f",2005-03-27,cassieflores@example.com
503,"Tina","Bryant","f",1987-07-30,chasesarah@example.net
504,"Derek","Green","f",1981-01-26,destiny45@example.com
505,"Joseph","Fernandez","f",2000-01-15,jcastro@example.com
506,"David","Smith","m",1975-09-15,wclark@example.net
507,"Nichole","Morgan","f",1971-12-01,andersonanthony@example.org
508,"Nicole","Gomez","m",1987-09-12,ncook@example.com
509,"Stacy","Luna","f",2007-04-25,benjaminhicks@example.com
510,"Ashley","Lawson","m",1980-09-11,slindsey@example.com
511,"Michael","Diaz","m",1992-01-29,kyle22@example.com
512,"Elizabeth","Smith","f",1999-10-25,nelsonalbert@example.net
513,"Alexander","Martin","f",1987-01-31,peter76@example.net
514,"James","Lucas","m",1968-11-04,rgarcia@example.net
515,"Tiffany","Dawson","f",2006-11-11,amanda37@example.com
516,"Jessica","Bailey","f",1998-10-02,allenangela@example.net
517,"Alex","Martinez","f",1971-05-07,xgriffin@example.net
518,"Brent","Williams","m",1989-04-03,sarahnash@example.net
519,"Connie","Mckinney","f",1978-09-09,reeseangela@example.net
520,"Jeremy","Wilson","f",1967-11-04,amandapatterson@example.org
521,"Kenneth","Young","m",1984-06-27,kevinkelly@example.org
522,"Timothy","Winters","m",1964-01-30,ybarnes@example.net
523,"David","Scott","f",2005-04-16,ryanburton@example.org
524,"Tamara","Perez","m",1994-12-28,vgarcia@example.com
525,"Amy","Davis","m",1973-09-09,kurt17@example.org
526,"Kelsey","Velazquez","m",1997-03-19,nsalazar@example.org
527,"Brian","Meyers","f",1997-01-27,michaelwood@example.org
528,"Warren","Obrien","f",1973-06-15,oochoa@example.net
529,"Rachael","Thomas","f",1997-03-13,austinhiggins@example.org
530,"Mary","Dougherty","f",1996-06-25,waltonharry@example.net
531,"Lauren","Baldwin","m",1968-07-28,ktorres@example.com
532,"William","Garcia","f",2004-08-20,lindsaypaul@example.net
533,"Jeffrey","Jensen","m",1997-12-08,jacqueline26@example.org
534,"Thomas","Gutierrez","f",1998-10-04,millerkathryn@example.net
535,"Jamie","Cameron","f",2005-05-28,vancerandall@example.org
536,"Miguel","Allen","m",2002-10-26,zacharyparker@example.net
537,"Joseph","Lewis","m",1980-03-29,sabrina95@example.org
538,"Samuel","Salas","f",1987-11-29,john77@example.org
539,"Kyle","Byrd","m",1986-03-20,juliagarcia@example.net
540,"Tamara","Vincent","f",2000-08-26,michelle43@example.org
541,"Ellen","Gonzalez","f",1980-08-27,jessicagonzalez@example.org
542,"Walter","Patterson","m",1991-03-07,maria36@example.org
543,"Theresa","Jackson","m",1985-02-06,chelsea38@example.com
544,"Craig","Smith","f",1977-07-16,robert42@example.net
545,"Michelle","Parker","f",1978-07-02,mendozamatthew@example.com
546,"David","Gibson","m",2007-05-05,uherrera@example.net
547,"Pamela","Lewis","m",1964-06-18,leah20@example.com
548,"Nathan","Duffy","f",1966-11-08,aprilmorris@example.com
549,"Christine","Poole","f",1969-10-27,phelpsmelissa@example.com
550,"Timothy","Moody","f",1977-07-21,levienglish@example.net
551,"Eric","Ramsey","m",1965-09-18,christopheradams@example.net
552,"Erik","Nelson","m",1984-06-04,frankcarlos@example.com
553,"Daniel","Frederick","f",1970-09-22,barnesmatthew@example.org
554,"Margaret","Bell","f",1977-06-24,michael60@example.com
555,"Bruce","Wright","m",1979-09-15,jamescampbell@example.com
556,"William","Davis","m",1994-10-07,chelseareyes@example.net
557,"Rita","Chapman","m",1999-06-11,seancook@example.net
558,"Tammy","Jefferson","f",1984-06-08,christopherstone@example.org
559,"James","Baldwin","m",2001-08-24,edwardshepard@example.org
560,"Philip","Fowler","m",1973-01-19,ugoodwin@example.com
561,"Elizabeth","Middleton","f",1966-01-24,qwilson@example.org
562,"Angel","Gordon","f",1997-02-25,sean58@example.com
563,"Scott","Brown","f",1964-07-11,kenneth21@example.org
564,"Renee","Richardson","m",1978-12-05,ftaylor@example.com
565,"Anthony","Watson","m",1967-03-23,williamsonmorgan@example.net
566,"Wayne","Jackson","m",1988-02-21,susan65@example.com
567,"Cindy","Myers","f",2003-09-19,dawsonelizabeth@example.net
568,"Jasmin","Mccoy","m",1985-03-25,paul24@example.com
569,"Anthony","Hall","m",1966-05-11,johnsmith@example.net
570,"Carrie","Merritt","m",1967-02-26,loretta11@example.com
571,"Chelsea","Smith","m",2005-07-18,richardsonmaria@example.org
572,"Belinda","Gonzalez","m",1984-09-02,evansoscar@example.org
573,"Michelle","Washington","f",1975-12-21,mmurphy@example.com
574,"Timothy","Sullivan","m",1972-10-04,jacobadams@example.com
575,"Cody","Young","f",1972-06-04,ostevens@example.net
576,"Austin","Taylor","m",1988-01-31,courtneykim@example.org
577,"Sarah","Grant","m",1992-04-12,bgonzales@example.net
578,"Heather","Smith","m",1994-06-26,johnbaker@example.net
579,"Nicholas","Murphy","f",1983-09-13,moniquelamb@example.org
580,"Carolyn","Butler","f",1966-04-16,bowenmichelle@example.com
581,"Beth","Santiago","m",1990-11-12,robertamack@example.com
582,"Michael","Williams","f",1988-08-29,hwhite@example.org
583,"Matthew","Durham","m",1989-12-09,amanda34@example.org
584,"Amy","Sanchez","m",1982-02-15,lisaramsey@example.net
585,"Heather","Wheeler","m",2003-04-21,smithnathan@example.org
586,"Andrew","Young","f",1994-02-11,christina54@example.org
587,"Erica","Phillips","f",1967-11-22,david26@example.com
588,"Steven","Ray","f",2006-04-04,lpotter@example.org
589,"Pamela","Schmidt","m",1978-08-05,kevin50@example.net
590,"Amanda","Chambers","m",1970-04-05,jamesconway@example.com
591,"Barbara","James","f",2003-10-03,pamelarichardson@example.net
592,"Robert","Farmer","f",1981-01-12,tracy65@example.org
593,"Linda","Cline","m",1989-12-19,cory29@example.com
594,"Leslie","Robertson","m",2004-10-02,kimberlyware@example.org
595,"Amber","Ryan","m",1994-12-29,wbradley@example.net
596,"Eric","Mosley","f",2003-08-02,ymunoz@example.net
597,"Robert","Miller","f",1972-05-29,jamie53@example.net
598,"Adam","Decker","m",1994-09-27,john79@example.net
599,"Darren","Bennett","f",1966-04-05,rogersalex@example.net
600,"Sarah","Castillo","m",1967-05-02,ericaperez@example.net
601,"Crystal","Flores","f",1976-02-13,joshua22@example.org
602,"Steven","Evans","f",1999-04-03,arthur44@example.com
603,"Joshua","Gonzalez","m",1971-09-27,davidknight@example.com
604,"William","Jimenez","m",1968-09-10,sharpnathaniel@example.com
605,"Jennifer","Chavez","f",2002-02-23,oconnellgregory@example.com
606,"Alex","Fox","f",2004-02-09,tylerlarson@example.net
607,"Tim","Sutton","f",1975-07-04,carol06@example.net
608,"Alexander","Howell","f",1980-07-11,jacobjackson@example.org
609,"Martha","Taylor","m",1982-07-20,jameswalker@example.com
610,"Lawrence","Rodriguez","m",1998-06-15,bbennett@example.org
611,"Robert","Joyce","f",1967-10-23,amy33@example.com
612,"Melvin","Farmer","f",1974-02-25,thompsonmatthew@example.net
613,"Logan","Blake","m",1977-06-21,donna53@example.net
614,"David","Carter","f",2006-06-07,uconrad@example.net
615,"Elizabeth","Jones","m",1984-11-11,hnguyen@example.com
616,"Angelica","Woods","f",1971-03-11,diazkaren@example.com
617,"Miranda","Sanders","f",1983-11-13,eduardodiaz@example.org
618,"Brandon","Horn","m",1965-01-20,anneduke@example.net
619,"Lynn","Moore","f",1982-02-28,christopherward@example.com
620,"Robert","Ross","f",1981-12-22,sanchezheather@example.org
621,"Ryan","Thompson","f",1999-02-01,timothy88@example.net
622,"Cynthia","Smith","m",1976-01-16,valdezneil@example.com
623,"Crystal","Nelson","f",1980-04-29,fcarroll@example.org
624,"Susan","Bryant","m",2003-08-21,anthony62@example.com
625,"Sonia","Norman","f",1988-05-10,arthur33@example.org
626,"Brian","Stephens","m",1971-04-30,pglass@example.org
627,"Michaela","Calderon","m",1972-12-18,sean26@example.org
628,"Tamara","Mccann","m",1999-10-26,vroberson@example.org
629,"Amy","Walton","m",1988-10-30,donnawilkinson@example.net
630,"Matthew","Carter","f",1993-08-17,sandraferguson@example.net
631,"Stephanie","Wright","m",1991-07-29,mburke@example.com
632,"Jennifer","George","f",2003-04-25,vpeterson@example.net
633,"Deborah","Jenkins","m",1989-09-26,gary52@example.net
634,"Angie","Oneal","m",1975-08-23,alanburgess@example.org
635,"Mark","Valdez","f",1988-01-07,rebeccapatterson@example.org
636,"Teresa","Reynolds","m",2005-09-24,sherri42@example.com
637,"Jessica","Dickerson","f",1973-07-18,zwood@example.org
638,"Richard","Thompson","m",1987-03-29,clinton64@example.com
639,"Christopher","Owens","m",1992-12-25,sjarvis@example.com
640,"Erin","Goodwin","m",2002-01-05,erikaacosta@example.org
641,"Richard","Phillips","f",1974-09-17,grossdavid@example.net
642,"Heather","Buchanan","f",1971-08-25,burtondavid@example.org
643,"Christopher","Esparza","m",2001-11-17,hrosales@example.net
644,"Michael","Foster","f",1994-11-11,hoodmelissa@example.com
645,"Tammy","Mcdaniel","f",2005-02-22,joseph67@example.com
646,"Anne","Evans","m",1979-01-11,jonescaleb@example.com
647,"Susan","French","f",1985-10-12,laurengomez@example.com
648,"Darren","Moore","m",2006-11-18,danielhernandez@example.com
649,"David","Murray","m",1979-04-19,kristenedwards@example.org
650,"Debra","Silva","m",1988-06-27,haynescourtney@example.com
651,"Adam","Rivera","f",2004-07-06,daniel91@example.net
652,"Barbara","Hunter","m",1972-09-09,cthomas@example.org
653,"Terri","Thompson","m",2004-07-20,joblack@example.com
654,"John","Gregory","m",1995-01-20,contrerasruben@example.com
655,"Dwayne","Wheeler","m",1970-03-18,xwright@example.com
656,"Holly","Wilcox","f",1995-11-26,joshuawallace@example.org
657,"Christopher","Lambert","m",2007-01-01,hollandwayne@example.org
658,"James","Brooks","f",2007-04-13,reneebrown@example.com
659,"Kelsey","Walker","f",1980-08-28,bgordon@example.net
660,"Michael","Whitehead","f",1970-11-14,cannonstephen@example.org
661,"Meghan","Francis","m",1983-09-29,david03@example.net
662,"Bradley","Lee","f",2005-01-24,michael61@example.com
663,"Lindsey","Curtis","m",2004-06-08,yodershannon@example.org
664,"William","Holmes","f",1974-08-13,mcguirekatherine@example.com
665,"Kevin","Simmons","f",1995-04-09,bcoleman@example.com
666,"Tracy","Tucker","m",1981-03-18,lopezjanice@example.org
667,"Jennifer","Trevino","m",2006-02-06,deniserandall@example.com
668,"James","Jones","f",1990-06-23,ohamilton@example.org
669,"Paul","Cline","m",1985-11-13,ramireztimothy@example.org
670,"John","Brown","f",1979-05-04,normanichols@example.com
671,"Brandon","Smith","m",1991-07-11,ashleycasey@example.org
672,"Jillian","Lamb","f",2001-02-10,darius89@example.net
673,"Christopher","Davis","m",1998-12-14,williamandrews@example.net
674,"Charles","Lee","f",2005-04-28,katherinebrown@example.com
675,"Amanda","Bailey","m",1990-11-16,martinezpeter@example.net
676,"Rebekah","Turner","m",1988-05-26,davidmartinez@example.com
677,"Michael","Nelson","f",1965-10-27,eric60@example.com
678,"Nicholas","Gordon","m",1994-06-30,jennifer82@example.com
679,"Jennifer","Patterson","m",1994-12-06,aaronaustin@example.com
680,"Kari","Barr","m",1999-05-28,christinelucas@example.net
681,"Ian","Valenzuela","f",1990-09-10,amy26@example.org
682,"Dawn","Brooks","m",2005-11-17,wadeandrew@example.com
683,"Christine","Johnson","f",1994-07-06,douglasmiller@example.com
684,"Joel","Dodson","m",1969-07-27,dennis16@example.net
685,"Deborah","Cameron","f",2002-04-20,mariareyes@example.org
686,"Susan","Lewis","m",1965-03-23,jennifer42@example.org
687,"Brett","Proctor","m",1997-01-21,reyesbarbara@example.net
688,"Matthew","Hudson","m",1986-11-20,bromero@example.org
689,"Heather","Perez","f",1983-05-05,ewilson@example.net
690,"Kimberly","Thompson","f",2005-10-09,mjohnson@example.net
691,"Valerie","Keith","m",1972-07-19,christopher10@example.org
692,"Bryan","Campbell","m",1983-06-04,taramartinez@example.net
693,"Krystal","Stanley","f",2007-07-21,jesse34@example.net
694,"Derek","Sanders","m",1968-06-16,erikahoward@example.com
695,"Maria","Bell","f",1985-10-29,taylortracy@example.org
696,"Heather","Shaw","m",1991-05-16,joshua31@example.net
697,"Tonya","Orozco","m",2006-10-14,arnoldjulie@example.com
698,"Brandon","Garcia","m",1988-08-09,brenda98@example.net
699,"Sarah","Arnold","f",1976-01-06,pwilson@example.com
700,"Adam","Cantu","m",1974-05-14,richard98@example.net
701,"Jerry","Spence","m",1967-10-21,elliottjared@example.org
702,"Susan","Swanson","m",1997-05-19,sherry94@example.com
703,"Albert","Thompson","m",1965-01-19,geoffreyalvarado@example.org
704,"Michael","Taylor","m",1973-06-05,ksmith@example.org
705,"Christopher","Thompson","m",1976-06-02,stanley80@example.com
706,"David","Scott","f",2001-08-02,rspencer@example.com
707,"Kelly","Sparks","m",1998-11-17,yward@example.org
708,"Anthony","Goodwin","f",1998-04-06,fordpaul@example.org
709,"Brian","Webb","m",1996-12-28,robinortega@example.net
710,"Connie","Phillips","m",1964-07-12,hawkinsjanet@example.com
711,"Angela","Lee","f",1991-12-02,kenneth80@example.net
712,"Joseph","Peterson","f",1969-04-22,cbarker@example.com
713,"Jeffrey","Howard","f",1990-11-06,hubbardmary@example.net
714,"Justin","Gilbert","m",1968-05-03,martinbrian@example.com
715,"Kevin","Lopez","f",1985-02-13,gbryant@example.org
716,"Sara","Foster","f",1978-10-01,sarahburke@example.com
717,"Michael","Carey","m",1982-12-07,michellecasey@example.org
718,"Samantha","Dixon","m",1965-10-05,vneal@example.org
719,"Shannon","Green","m",1982-07-27,pjohnson@example.org
720,"Nathan","Parker","m",1986-01-20,burnsandrew@example.net
721,"Laura","Wilson","f",1990-04-08,wwilson@example.net
722,"Linda","Chavez","f",1982-08-03,campbellchristopher@example.net
723,"Sarah","Aguilar","f",1996-01-07,maria61@example.net
724,"Mario","Johnson","m",2000-02-07,williamschwartz@example.com
725,"Juan","Anderson","f",1989-10-04,lori85@example.com
726,"Travis","Watts","m",1977-11-24,bduarte@example.org
727,"Benjamin","Garcia","f",1980-03-09,brooke76@example.com
728,"Anthony","Stephens","f",1977-04-24,iallen@example.net
729,"Johnny","Wagner","m",1968-02-16,chambersmichael@example.org
730,"Nicole","Reynolds","m",1986-04-14,gonzalezsara@example.com
731,"Amanda","Blake","m",1993-03-01,uwarner@example.org
732,"Joshua","Knight","m",2004-04-11,sabrina44@example.net
733,"Laura","Rojas","f",1978-06-04,lmurphy@example.com
734,"Jessica","Quinn","m",1973-12-09,woodamanda@example.net
735,"Andrea","Haynes","m",1982-03-09,erika33@example.org
736,"Lucas","Hoffman","m",2002-01-25,zklein@example.org
737,"Lynn","Gibbs","f",1964-09-07,wsmith@example.net
738,"Christopher","Robbins","m",1985-12-30,samuel66@example.net
739,"Emma","Williams","f",2006-07-02,rayandrew@example.net
740,"David","Cameron","m",1989-04-26,hlittle@example.com
741,"Thomas","Smith","m",1965-05-01,jacobsondana@example.org
742,"Caroline","Moore","m",1987-01-11,sabrina03@example.com
743,"Shawn","Garrett","m",1964-09-11,harmonjames@example.org
744,"Douglas","Hall","f",1971-12-15,amandahudson@example.net
745,"Heather","Summers","f",2005-08-20,sharondouglas@example.com
746,"Thomas","Moran","m",1980-06-18,dhubbard@example.net
747,"Julie","Allen","f",1984-12-19,moraleschristina@example.net
748,"Jonathan","Garcia","m",1976-09-01,christiananderson@example.net
749,"Sarah","Cortez","f",1977-12-16,christopherlittle@example.net
750,"Stephen","Frazier","m",1974-01-24,thompsonkevin@example.com
751,"Michael","Ramirez","f",1984-05-08,jamieperez@example.com
752,"Angela","Cruz","m",1971-02-07,dortega@example.org
753,"Jennifer","Black","f",1991-04-19,crystal05@example.com
754,"Brenda","Walker","f",1976-08-20,bsmith@example.com
755,"Debbie","Hunter","m",2003-08-17,matthew57@example.org
756,"Mary","Butler","m",2006-02-21,kingjeffery@example.com
757,"Matthew","Weaver","m",2005-11-26,freemanpenny@example.net
758,"Vanessa","Franklin","f",1971-09-03,rgibson@example.com
759,"James","Norris","f",2001-06-12,xhampton@example.com
760,"Erika","Robbins","f",1992-03-11,amykirk@example.net
761,"Eric","Ramirez","m",1963-10-28,mccarthyashley@example.org
762,"Heather","Tucker","f",1991-03-24,kevin03@example.net
763,"Ronald","Mcdonald","m",1971-11-01,marymiller@example.com
764,"Brittany","Gomez","m",1965-06-12,mosleyjared@example.net
765,"James","Monroe","m",1994-10-20,jonathantaylor@example.com
766,"William","Smith","m",1984-11-11,josebush@example.org
767,"Julie","Shah","f",1970-02-05,rossdavid@example.org
768,"Meredith","Gordon","f",1999-02-05,nanderson@example.net
769,"Alejandra","Cox","m",2000-01-02,butlerryan@example.net
770,"Michael","Foster","m",1975-04-05,jill21@example.com
771,"Michael","Campbell","m",1965-12-29,eblankenship@example.com
772,"Ashley","Williams","f",1967-03-14,phernandez@example.org
773,"William","Harding","m",1986-03-09,jonesmichael@example.org
774,"Christopher","Arnold","f",1977-02-03,wallrenee@example.org
775,"Nicholas","Preston","f",1998-05-03,crossann@example.net
776,"David","Meyer","f",2007-07-03,paula23@example.com
777,"Paul","Howard","m",1991-01-10,stevenbautista@example.net
778,"Anthony","Wilson","m",2007-08-06,samuelthomas@example.org
779,"Stuart","Roberts","f",1969-05-26,jeffrey10@example.org
780,"Lacey","Thomas","m",2006-05-08,christine88@example.com
781,"Robert","Lee","m",1981-06-07,dawsoncory@example.com
782,"Jordan","Black","m",1981-07-28,donald54@example.net
783,"Noah","Cole","m",1982-07-23,kimtina@example.net
784,"Beth","Hahn","m",2001-10-26,tyler85@example.org
785,"Shelly","Mccullough","f",1992-06-26,dcook@example.org
786,"Austin","Pierce","f",1997-01-10,pspears@example.com
787,"Brandon","Stone","m",1997-07-23,smithdaniel@example.org
788,"Morgan","Lopez","f",1973-09-25,seth54@example.org
789,"Denise","Hill","m",1990-03-01,kingbrian@example.org
790,"Christine","Stone","f",1978-01-18,jonespatrick@example.org
791,"Eric","Andrews","f",2007-01-19,nwelch@example.net
792,"Kenneth","Snyder","m",1966-06-19,samantharomero@example.org
793,"Sandra","Cannon","f",1981-04-16,ohall@example.com
794,"Jessica","Blackwell","m",1967-05-05,davenportjustin@example.com
795,"Lynn","Richards","m",1975-11-18,ddavis@example.com
796,"David","Martinez","m",2000-02-14,zacharyhernandez@example.net
797,"William","Harper","f",1983-04-27,sanforderik@example.net
798,"Anne","Aguirre","f",1991-02-12,stephenmurray@example.net
799,"Ellen","Palmer","m",1970-05-16,brittany38@example.com
800,"James","Turner","f",1998-08-13,stephaniewilliams@example.org
801,"Mary","Carlson","m",1992-06-08,zraymond@example.org
802,"Samuel","Martinez","m",1981-10-19,greenmary@example.org
803,"Ashley","Carter","f",2005-08-17,joelfisher@example.com
804,"Virginia","Hernandez","f",1976-02-23,kevinjohnson@example.net
805,"Howard","Smith","m",2000-07-22,hilljason@example.net
806,"Melissa","Orozco","m",1995-11-17,alexjensen@example.org
807,"Frank","Carlson","f",1979-12-13,tandrade@example.net
808,"David","Estrada","f",2000-03-24,tbailey@example.com
809,"Megan","Beck","m",1985-10-27,waltermyers@example.com
810,"Melanie","Davis","f",1994-12-08,wesleyroth@example.org
811,"Kayla","Archer","f",2000-10-01,mcgeejustin@example.com
812,"Patrick","Manning","f",1980-02-20,mcabrera@example.com
813,"Chelsea","King","f",1973-02-15,richmondsandra@example.com
814,"Samantha","Strickland","f",1994-05-11,gonzalezstephen@example.net
815,"Kevin","Snyder","m",1970-06-25,gailadkins@example.org
816,"Bruce","Bell","f",1970-01-11,kathryn35@example.net
817,"Gregory","Cruz","m",1975-08-02,eclayton@example.net
818,"Brandy","Waters","m",1971-12-14,gallegosdeanna@example.org
819,"David","Petersen","m",1988-09-20,cookdiamond@example.net
820,"Dennis","Harrell","f",1996-06-02,portermathew@example.net
821,"Dustin","Hardin","m",1976-01-20,kirbydiane@example.org
822,"Jennifer","Reyes","f",2006-01-03,jashley@example.net
823,"Joseph","Quinn","f",1993-04-08,gcarter@example.com
824,"Bryan","Castaneda","m",1996-10-02,grahamscott@example.net
825,"Jordan","Rios","m",1991-10-07,keithfoster@example.com
826,"James","Wells","m",1991-10-18,michaelmorgan@example.com
827,"Lee","Williams","m",2005-05-09,javier97@example.org
828,"Carrie","Porter","m",2001-10-29,graywilliam@example.com
829,"Jonathan","Gibson","f",1999-09-11,mboyd@example.net
830,"Marcus","Arnold","m",1966-09-12,darrenbond@example.org
831,"Sandra","Flynn","m",2002-11-24,theresa56@example.net
832,"David","Stephenson","m",1972-09-18,foxsarah@example.com
833,"Nancy","Mccarty","f",1999-01-18,jerryjensen@example.org
834,"Donald","Sharp","m",1975-08-15,ujackson@example.com
835,"Gary","Holt","f",1992-02-22,ubowen@example.net
836,"Calvin","Mosley","m",1986-03-26,sara44@example.net
837,"Robert","Vasquez","f",1964-09-20,christopher47@example.net
838,"Derrick","Massey","f",2003-10-15,gilbertjeremy@example.com
839,"Andrew","Miller","m",1997-01-22,lisa96@example.net
840,"Alexis","Austin","m",2005-06-27,jasoncameron@example.net
841,"Amanda","Young","f",1984-12-22,nicholas67@example.org
842,"Tamara","Turner","f",2002-03-08,martindana@example.com
843,"Robert","Lindsey","f",1985-08-30,flarsen@example.org
844,"Daniel","Williams","f",1999-12-09,jeremy80@example.com
845,"Rebecca","Grant","f",1978-08-06,powelljulie@example.org
846,"Robert","Rivers","f",1976-07-16,kimhowell@example.com
847,"Jaclyn","Norris","m",1965-09-05,mendozapaul@example.net
848,"Andrew","Mitchell","m",1993-06-09,eperez@example.net
849,"Alison","Rogers","f",1984-10-29,tayloreric@example.org
850,"Donald","Johnson","m",1965-08-31,becky52@example.org
851,"Dennis","Calderon","m",2007-08-19,rwhite@example.net
852,"Scott","Mcgrath","f",1964-11-04,chandlerjulia@example.net
853,"Christina","Santana","m",2006-07-31,thomas03@example.org
854,"Jennifer","Jimenez","f",1989-05-20,cheryl09@example.net
855,"Melissa","Thompson","f",1991-05-22,cthomas@example.org
856,"Sheri","Deleon","f",1994-04-04,sheilasavage@example.org
857,"Patricia","Neal","f",1979-07-09,coxlauren@example.net
858,"Nancy","Jackson","m",1979-03-05,aaronpierce@example.org
859,"Gina","Murphy","m",1984-02-23,fitzgeraldcathy@example.net
860,"Meghan","Garcia","f",2005-02-06,mitchellrobert@example.net
861,"Yvonne","Strong","f",1968-09-20,florestony@example.org
862,"Andrea","Robbins","f",2006-09-04,dennis26@example.org
863,"Justin","Smith","f",1965-12-01,nrivera@example.net
864,"Ryan","Delgado","m",1990-06-03,kclarke@example.org
865,"Mary","Guerra","f",1964-05-24,michael46@example.com
866,"John","Clark","m",1995-03-26,ttravis@example.com
867,"Ashley","Sullivan","f",1967-09-03,lewisjay@example.com
868,"Christopher","Santana","f",1999-11-15,thomasjacobs@example.org
869,"Tammy","Barr","f",1988-05-23,ryan55@example.org
870,"Stacy","Rodriguez","m",1983-10-08,xobrien@example.com
871,"Cody","Meyer","f",1967-07-23,iperez@example.net
872,"Katherine","Griffin","m",1964-06-11,aaronkelly@example.org
873,"Mary","Ray","f",1991-08-17,michael55@example.org
874,"Robert","Rollins","f",1965-04-04,esanders@example.net
875,"Tiffany","Edwards","f",1996-05-09,wilsonchristopher@example.net
876,"Henry","Hamilton","f",2003-06-13,gchristensen@example.com
877,"Jesse","Carr","f",1981-09-18,reneetaylor@example.com
878,"Katelyn","Garner","f",1990-10-27,marquezjames@example.net
879,"Emily","Rivera","m",1990-12-30,michaeljohnson@example.net
880,"Brandon","Bryan","f",1972-08-08,hillcrystal@example.net
881,"Amanda","Smith","m",1998-06-28,campbellmichael@example.net
882,"Brittany","Harris","f",1966-06-27,westcatherine@example.com
883,"Danielle","Gray","m",1968-08-28,christinaroth@example.org
884,"Cody","Hall","m",2001-08-19,stephanie82@example.com
885,"Frank","Jackson","m",1988-06-19,ufields@example.net
886,"David","Warren","f",1972-10-17,sedwards@example.com
887,"Mary","Bell","m",2007-07-04,xbishop@example.com
888,"Maria","Wagner","m",1995-11-01,petersonjames@example.org
889,"Stephanie","Martinez","m",1982-03-19,wflores@example.com
890,"Jonathan","Munoz","f",1966-04-29,williamsvanessa@example.net
891,"Dennis","Kim","f",1983-04-30,millerjohn@example.net
892,"Karina","Humphrey","m",1990-08-01,huynhdavid@example.com
893,"Michael","Underwood","m",2006-10-01,perezkathleen@example.com
894,"Russell","Harvey","f",1974-09-22,emilyjones@example.org
895,"Sharon","Wilkerson","f",2000-08-31,mirandabrewer@example.net
896,"Lauren","Riley","f",1982-11-04,lorettacarrillo@example.net
897,"Julian","Mejia","m",1999-09-27,jsmith@example.org
898,"Kevin","Rivera","f",2004-06-02,ramosbarbara@example.com
899,"Monique","Singh","f",1998-01-23,dawnmccoy@example.org
900,"Kimberly","Richardson","f",1976-01-09,phamilton@example.org
901,"Donna","Perez","f",1982-09-28,uburch@example.net
902,"Christine","Mills","m",1993-10-17,halleric@example.net
903,"Marilyn","Gordon","m",1989-08-26,ashley24@example.net
904,"Henry","King","m",1969-10-01,josephgonzalez@example.com
905,"Robert","Roach","f",2006-05-02,vmoore@example.com
906,"Charles","Lewis","m",1999-09-09,greerbrandon@example.net
907,"Diane","Allen","f",1996-11-25,thorntonlisa@example.net
908,"Jason","Jones","f",2003-09-27,kevin64@example.org
909,"Robert","Ford","f",1991-09-17,nrosales@example.com
910,"Luke","Hunt","f",1965-01-28,andersonchristopher@example.org
911,"Jade","Schultz","m",1993-06-23,kmontoya@example.net
912,"Samuel","Santos","m",1977-11-15,jhenderson@example.net
913,"Crystal","Mccarty","f",1972-05-05,newtonwilliam@example.com
914,"Wendy","Bartlett","m",1971-02-08,qjackson@example.org
915,"Jacob","Hudson","f",2007-04-12,diazmeghan@example.com
916,"Robert","Miller","m",1972-02-21,kspence@example.net
917,"Stacy","Stewart","m",1974-01-06,hmcbride@example.com
918,"Charles","Baldwin","m",1978-12-31,omay@example.net
919,"Roger","Peterson","m",2002-03-10,zconrad@example.net
920,"Mary","Miller","f",1976-05-11,qrice@example.com
921,"Francis","Black","f",1985-08-16,davidmontgomery@example.org
922,"Randy","Meadows","m",1991-07-03,zharrison@example.org
923,"Matthew","Marquez","m",1985-01-19,riverasarah@example.net
924,"Eric","Lee","f",1978-07-23,jessicawyatt@example.net
925,"Heather","Daniels","f",1973-10-04,mreynolds@example.org
926,"Cathy","Jordan","m",1970-12-24,gregoryhoward@example.com
927,"Allison","Lee","m",1985-01-06,carol19@example.org
928,"Amy","Martin","m",1980-06-12,tracy05@example.com
929,"Michael","Evans","f",1984-09-16,nhernandez@example.net
930,"Jenna","Gray","m",1964-10-22,taylorkayla@example.com
931,"Michael","Austin","f",1998-10-08,coneal@example.net
932,"Kristi","Fernandez","m",1985-11-22,peter36@example.net
933,"Randy","Simpson","f",1965-03-28,sullivanchristy@example.org
934,"Curtis","Owens","m",1988-01-14,pwilliams@example.org
935,"Jessica","Bradley","m",1984-08-26,cassandrarobles@example.com
936,"Stacey","Chen","f",1968-01-13,chad56@example.net
937,"Jerome","Harris","f",1965-01-16,smithdylan@example.net
938,"Marissa","Mcdaniel","f",1976-02-20,yboyle@example.org
939,"David","Hall","f",1976-08-15,vickiemiller@example.com
940,"Lisa","Lewis","f",1980-05-25,donna98@example.net
941,"Randy","Gregory","m",1977-01-11,richarddavis@example.net
942,"Kimberly","Reeves","f",1972-03-29,jennifer16@example.net
943,"Julie","Donovan","f",2005-07-12,josephcox@example.org
944,"Joseph","Curry","m",1995-09-18,andrea90@example.net
945,"Evan","Kennedy","m",2007-01-03,lbrooks@example.com
946,"Heidi","Jones","m",1965-11-25,kimberlycurry@example.net
947,"Christina","Nguyen","f",1974-10-10,wyattbrian@example.org
948,"Margaret","Page","m",1965-04-19,stacey26@example.net
949,"James","Ho","m",1998-01-20,shirleyweber@example.com
950,"Nicolas","Brown","m",1994-03-30,kennethwilson@example.org
951,"Yvette","Orozco","m",2007-01-29,mberry@example.com
952,"Tammy","Williamson","m",1990-03-05,paul43@example.org
953,"Tabitha","Ramsey","f",2001-04-27,daniellemedina@example.com
954,"Michael","Malone","m",1968-08-28,eric12@example.com
955,"Billy","Kirk","f",1996-07-29,reedjoseph@example.net
956,"Elizabeth","Alvarado","f",1989-12-19,maria86@example.org
957,"Briana","Sanchez","f",1987-11-03,uhoward@example.org
958,"Aaron","Rodriguez","f",1997-07-30,rmiller@example.net
959,"Savannah","Powers","f",1971-03-30,ylindsey@example.com
960,"Madeline","Smith","f",2004-02-20,clarkgabriella@example.org
961,"Jennifer","Bishop","f",1999-06-30,lisa02@example.net
962,"Christopher","Hammond","m",1971-12-26,megan73@example.net
963,"Earl","Campbell","f",1976-08-21,zwilkerson@example.net
964,"Stephen","Grant","f",1967-08-09,sabrinaallison@example.org
965,"Holly","White","f",2006-07-22,cynthiapalmer@example.net
966,"Drew","Warner","m",1968-01-24,imurphy@example.org
967,"Amanda","Simpson","f",1968-08-30,robert45@example.net
968,"Jacqueline","Hall","f",1987-04-10,mhunter@example.org
969,"David","Gordon","m",1999-01-28,ashley54@example.net
970,"Jaclyn","Santiago","m",1970-08-23,pattersonjoanna@example.com
971,"Matthew","Kent","f",1980-05-16,deanna66@example.org
972,"Shaun","Smith","f",2002-06-02,wendychaney@example.org
973,"Gloria","Garcia","f",1984-05-12,yhammond@example.org
974,"Jacqueline","Bauer","m",1986-11-06,zthompson@example.com
975,"Scott","Sanchez","f",2004-02-10,tyoder@example.com
976,"James","Smith","f",1988-07-30,antoniohodges@example.net
977,"Tammy","Thomas","m",2004-02-12,garciastacey@example.org
978,"John","Levy","m",1999-03-24,thomas38@example.org
979,"Brandon","Thompson","m",1967-08-22,lindamcdaniel@example.net
980,"Travis","Burton","m",1977-07-23,gloverrichard@example.com
981,"Christina","Garcia","m",2001-04-25,mbenitez@example.net
982,"Edward","Cox","m",2005-06-24,georgelinda@example.com
983,"Patricia","Barnes","f",1966-09-24,brendarivers@example.org
984,"Joy","Smith","m",1986-10-31,pthompson@example.net
985,"Kathy","Powell","f",1964-11-17,canthony@example.com
986,"Barbara","Smith","f",1967-05-17,qglass@example.net
987,"Robert","Franklin","m",1977-06-19,michael67@example.com
988,"Stephanie","Potts","f",2002-10-02,lyonstyler@example.com
989,"Brittany","Williams","f",1970-12-15,rachel91@example.org
990,"Gina","Gallagher","f",1991-02-19,nathaniel75@example.net
991,"Kenneth","Kelly","f",2002-04-23,lindsey20@example.com
992,"Joel","Nolan","f",1970-11-05,michelle50@example.org
993,"Breanna","Gomez","m",1982-11-23,twest@example.net
994,"Elijah","Reed","f",2001-08-10,henry81@example.com
995,"Natalie","Bell","m",1978-09-30,michaelhuang@example.com
996,"Nancy","Wright","f",1974-08-10,brandi89@example.net
997,"Ashley","Lee","f",1984-10-11,allenjames@example.org
998,"Taylor","Anderson","m",1990-04-20,gregory54@example.net
999,"Meagan","Williams","f",1980-07-28,dbarnett@example.net
1000,"Valerie","Martin","f",1985-04-12,wilsonshaun@example.com
